image_id,file_path,label,width,height,split
img_000000,dataset/images/train/apricot_blossom\apricot_blossom_0061.jpg,apricot_blossom,1024,576,train
img_000001,dataset/images/train/apricot_blossom\apricot_blossom_0089.jpg,apricot_blossom,1024,576,train
img_000002,dataset/images/train/apricot_blossom\apricot_blossom_0118.jpg,apricot_blossom,800,575,train
img_000003,dataset/images/train/apricot_blossom\apricot_blossom_0042.jpg,apricot_blossom,1024,576,train
img_000004,dataset/images/train/apricot_blossom\apricot_blossom_0144.jpg,apricot_blossom,800,533,train
img_000005,dataset/images/train/apricot_blossom\apricot_blossom_0085.jpg,apricot_blossom,1024,576,train
img_000006,dataset/images/train/apricot_blossom\apricot_blossom_0133.jpg,apricot_blossom,800,533,train
img_000007,dataset/images/train/apricot_blossom\apricot_blossom_0127.jpg,apricot_blossom,800,533,train
img_000008,dataset/images/train/apricot_blossom\apricot_blossom_0136.jpg,apricot_blossom,800,484,train
img_000009,dataset/images/train/apricot_blossom\apricot_blossom_0066.jpg,apricot_blossom,1024,576,train
img_000010,dataset/images/train/apricot_blossom\apricot_blossom_0030.jpg,apricot_blossom,1024,576,train
img_000011,dataset/images/train/apricot_blossom\apricot_blossom_0122.jpg,apricot_blossom,800,450,train
img_000012,dataset/images/train/apricot_blossom\apricot_blossom_0152.jpg,apricot_blossom,800,781,train
img_000013,dataset/images/train/apricot_blossom\apricot_blossom_0018.jpg,apricot_blossom,1024,576,train
img_000014,dataset/images/train/apricot_blossom\apricot_blossom_0096.jpg,apricot_blossom,1024,576,train
img_000015,dataset/images/train/apricot_blossom\apricot_blossom_0119.jpg,apricot_blossom,800,600,train
img_000016,dataset/images/train/apricot_blossom\apricot_blossom_0000.jpg,apricot_blossom,1024,576,train
img_000017,dataset/images/train/apricot_blossom\apricot_blossom_0017.jpg,apricot_blossom,1024,576,train
img_000018,dataset/images/train/apricot_blossom\apricot_blossom_0052.jpg,apricot_blossom,1024,576,train
img_000019,dataset/images/train/apricot_blossom\apricot_blossom_0121.jpg,apricot_blossom,800,471,train
img_000020,dataset/images/train/apricot_blossom\apricot_blossom_0038.jpg,apricot_blossom,1024,576,train
img_000021,dataset/images/train/apricot_blossom\apricot_blossom_0072.jpg,apricot_blossom,1024,576,train
img_000022,dataset/images/train/apricot_blossom\apricot_blossom_0131.jpg,apricot_blossom,800,600,train
img_000023,dataset/images/train/apricot_blossom\apricot_blossom_0094.jpg,apricot_blossom,1024,576,train
img_000024,dataset/images/train/apricot_blossom\apricot_blossom_0002.jpg,apricot_blossom,1024,576,train
img_000025,dataset/images/train/apricot_blossom\apricot_blossom_0019.jpg,apricot_blossom,1024,576,train
img_000026,dataset/images/train/apricot_blossom\apricot_blossom_0076.jpg,apricot_blossom,1024,576,train
img_000027,dataset/images/train/apricot_blossom\apricot_blossom_0142.jpg,apricot_blossom,800,517,train
img_000028,dataset/images/train/apricot_blossom\apricot_blossom_0067.jpg,apricot_blossom,1024,576,train
img_000029,dataset/images/train/apricot_blossom\apricot_blossom_0157.jpg,apricot_blossom,800,600,train
img_000030,dataset/images/train/apricot_blossom\apricot_blossom_0156.jpg,apricot_blossom,800,600,train
img_000031,dataset/images/train/apricot_blossom\apricot_blossom_0143.jpg,apricot_blossom,800,450,train
img_000032,dataset/images/train/apricot_blossom\apricot_blossom_0110.jpg,apricot_blossom,800,548,train
img_000033,dataset/images/train/apricot_blossom\apricot_blossom_0003.jpg,apricot_blossom,1024,576,train
img_000034,dataset/images/train/apricot_blossom\apricot_blossom_0100.jpg,apricot_blossom,800,600,train
img_000035,dataset/images/train/apricot_blossom\apricot_blossom_0054.jpg,apricot_blossom,1024,576,train
img_000036,dataset/images/train/apricot_blossom\apricot_blossom_0032.jpg,apricot_blossom,1024,576,train
img_000037,dataset/images/train/apricot_blossom\apricot_blossom_0075.jpg,apricot_blossom,1024,576,train
img_000038,dataset/images/train/apricot_blossom\apricot_blossom_0014.jpg,apricot_blossom,1024,576,train
img_000039,dataset/images/train/apricot_blossom\apricot_blossom_0148.jpg,apricot_blossom,800,600,train
img_000040,dataset/images/train/apricot_blossom\apricot_blossom_0053.jpg,apricot_blossom,1024,576,train
img_000041,dataset/images/train/apricot_blossom\apricot_blossom_0043.jpg,apricot_blossom,1024,576,train
img_000042,dataset/images/train/apricot_blossom\apricot_blossom_0063.jpg,apricot_blossom,1024,576,train
img_000043,dataset/images/train/apricot_blossom\apricot_blossom_0097.jpg,apricot_blossom,1024,576,train
img_000044,dataset/images/train/apricot_blossom\apricot_blossom_0049.jpg,apricot_blossom,1024,576,train
img_000045,dataset/images/train/apricot_blossom\apricot_blossom_0065.jpg,apricot_blossom,1024,576,train
img_000046,dataset/images/train/apricot_blossom\apricot_blossom_0092.jpg,apricot_blossom,1024,576,train
img_000047,dataset/images/train/apricot_blossom\apricot_blossom_0113.jpg,apricot_blossom,800,450,train
img_000048,dataset/images/train/apricot_blossom\apricot_blossom_0064.jpg,apricot_blossom,1024,576,train
img_000049,dataset/images/train/apricot_blossom\apricot_blossom_0016.jpg,apricot_blossom,1024,576,train
img_000050,dataset/images/train/apricot_blossom\apricot_blossom_0083.jpg,apricot_blossom,1024,576,train
img_000051,dataset/images/train/apricot_blossom\apricot_blossom_0069.jpg,apricot_blossom,1024,576,train
img_000052,dataset/images/train/apricot_blossom\apricot_blossom_0145.jpg,apricot_blossom,800,536,train
img_000053,dataset/images/train/apricot_blossom\apricot_blossom_0025.jpg,apricot_blossom,1024,576,train
img_000054,dataset/images/train/apricot_blossom\apricot_blossom_0078.jpg,apricot_blossom,1024,576,train
img_000055,dataset/images/train/apricot_blossom\apricot_blossom_0104.jpg,apricot_blossom,800,419,train
img_000056,dataset/images/train/apricot_blossom\apricot_blossom_0013.jpg,apricot_blossom,1024,576,train
img_000057,dataset/images/train/apricot_blossom\apricot_blossom_0102.jpg,apricot_blossom,800,456,train
img_000058,dataset/images/train/apricot_blossom\apricot_blossom_0129.jpg,apricot_blossom,800,600,train
img_000059,dataset/images/train/apricot_blossom\apricot_blossom_0140.jpg,apricot_blossom,800,449,train
img_000060,dataset/images/train/apricot_blossom\apricot_blossom_0036.jpg,apricot_blossom,1024,576,train
img_000061,dataset/images/train/apricot_blossom\apricot_blossom_0060.jpg,apricot_blossom,1024,576,train
img_000062,dataset/images/train/apricot_blossom\apricot_blossom_0091.jpg,apricot_blossom,1024,576,train
img_000063,dataset/images/train/apricot_blossom\apricot_blossom_0027.jpg,apricot_blossom,1024,576,train
img_000064,dataset/images/train/apricot_blossom\apricot_blossom_0101.jpg,apricot_blossom,800,450,train
img_000065,dataset/images/train/apricot_blossom\apricot_blossom_0074.jpg,apricot_blossom,1024,576,train
img_000066,dataset/images/train/apricot_blossom\apricot_blossom_0051.jpg,apricot_blossom,1024,576,train
img_000067,dataset/images/train/apricot_blossom\apricot_blossom_0135.jpg,apricot_blossom,800,600,train
img_000068,dataset/images/train/apricot_blossom\apricot_blossom_0004.jpg,apricot_blossom,1024,576,train
img_000069,dataset/images/train/apricot_blossom\apricot_blossom_0095.jpg,apricot_blossom,1024,576,train
img_000070,dataset/images/train/apricot_blossom\apricot_blossom_0149.jpg,apricot_blossom,800,638,train
img_000071,dataset/images/train/apricot_blossom\apricot_blossom_0041.jpg,apricot_blossom,1024,576,train
img_000072,dataset/images/train/apricot_blossom\apricot_blossom_0160.jpg,apricot_blossom,800,600,train
img_000073,dataset/images/train/apricot_blossom\apricot_blossom_0132.jpg,apricot_blossom,800,532,train
img_000074,dataset/images/train/apricot_blossom\apricot_blossom_0099.jpg,apricot_blossom,1024,576,train
img_000075,dataset/images/train/apricot_blossom\apricot_blossom_0116.jpg,apricot_blossom,800,450,train
img_000076,dataset/images/train/apricot_blossom\apricot_blossom_0146.jpg,apricot_blossom,800,531,train
img_000077,dataset/images/train/apricot_blossom\apricot_blossom_0088.jpg,apricot_blossom,1024,576,train
img_000078,dataset/images/train/apricot_blossom\apricot_blossom_0031.jpg,apricot_blossom,1024,576,train
img_000079,dataset/images/train/apricot_blossom\apricot_blossom_0138.jpg,apricot_blossom,800,480,train
img_000080,dataset/images/train/apricot_blossom\apricot_blossom_0021.jpg,apricot_blossom,1024,576,train
img_000081,dataset/images/train/apricot_blossom\apricot_blossom_0120.jpg,apricot_blossom,800,450,train
img_000082,dataset/images/train/apricot_blossom\apricot_blossom_0009.jpg,apricot_blossom,1024,576,train
img_000083,dataset/images/train/apricot_blossom\apricot_blossom_0082.jpg,apricot_blossom,1024,576,train
img_000084,dataset/images/train/apricot_blossom\apricot_blossom_0034.jpg,apricot_blossom,1024,576,train
img_000085,dataset/images/train/apricot_blossom\apricot_blossom_0128.jpg,apricot_blossom,800,533,train
img_000086,dataset/images/train/apricot_blossom\apricot_blossom_0123.jpg,apricot_blossom,800,600,train
img_000087,dataset/images/train/apricot_blossom\apricot_blossom_0047.jpg,apricot_blossom,1024,576,train
img_000088,dataset/images/train/apricot_blossom\apricot_blossom_0020.jpg,apricot_blossom,1024,576,train
img_000089,dataset/images/train/apricot_blossom\apricot_blossom_0105.jpg,apricot_blossom,800,594,train
img_000090,dataset/images/train/apricot_blossom\apricot_blossom_0081.jpg,apricot_blossom,1024,576,train
img_000091,dataset/images/train/apricot_blossom\apricot_blossom_0115.jpg,apricot_blossom,800,567,train
img_000092,dataset/images/train/apricot_blossom\apricot_blossom_0155.jpg,apricot_blossom,800,600,train
img_000093,dataset/images/train/apricot_blossom\apricot_blossom_0112.jpg,apricot_blossom,800,487,train
img_000094,dataset/images/train/apricot_blossom\apricot_blossom_0125.jpg,apricot_blossom,800,600,train
img_000095,dataset/images/train/apricot_blossom\apricot_blossom_0098.jpg,apricot_blossom,1024,576,train
img_000096,dataset/images/train/apricot_blossom\apricot_blossom_0111.jpg,apricot_blossom,800,450,train
img_000097,dataset/images/train/apricot_blossom\apricot_blossom_0109.jpg,apricot_blossom,800,500,train
img_000098,dataset/images/train/apricot_blossom\apricot_blossom_0029.jpg,apricot_blossom,1024,576,train
img_000099,dataset/images/train/apricot_blossom\apricot_blossom_0084.jpg,apricot_blossom,1024,576,train
img_000100,dataset/images/train/apricot_blossom\apricot_blossom_0117.jpg,apricot_blossom,800,450,train
img_000101,dataset/images/train/apricot_blossom\apricot_blossom_0150.jpg,apricot_blossom,800,636,train
img_000102,dataset/images/train/apricot_blossom\apricot_blossom_0090.jpg,apricot_blossom,1024,576,train
img_000103,dataset/images/train/apricot_blossom\apricot_blossom_0024.jpg,apricot_blossom,1024,576,train
img_000104,dataset/images/train/apricot_blossom\apricot_blossom_0073.jpg,apricot_blossom,1024,576,train
img_000105,dataset/images/train/apricot_blossom\apricot_blossom_0046.jpg,apricot_blossom,1024,576,train
img_000106,dataset/images/train/apricot_blossom\apricot_blossom_0079.jpg,apricot_blossom,1024,576,train
img_000107,dataset/images/train/apricot_blossom\apricot_blossom_0080.jpg,apricot_blossom,1024,576,train
img_000108,dataset/images/train/apricot_blossom\apricot_blossom_0106.jpg,apricot_blossom,800,600,train
img_000109,dataset/images/train/apricot_blossom\apricot_blossom_0037.jpg,apricot_blossom,1024,576,train
img_000110,dataset/images/train/apricot_blossom\apricot_blossom_0158.jpg,apricot_blossom,800,600,train
img_000111,dataset/images/val/apricot_blossom\apricot_blossom_0010.jpg,apricot_blossom,1024,576,val
img_000112,dataset/images/val/apricot_blossom\apricot_blossom_0126.jpg,apricot_blossom,800,450,val
img_000113,dataset/images/val/apricot_blossom\apricot_blossom_0015.jpg,apricot_blossom,1024,576,val
img_000114,dataset/images/val/apricot_blossom\apricot_blossom_0068.jpg,apricot_blossom,1024,576,val
img_000115,dataset/images/val/apricot_blossom\apricot_blossom_0058.jpg,apricot_blossom,1024,576,val
img_000116,dataset/images/val/apricot_blossom\apricot_blossom_0093.jpg,apricot_blossom,1024,576,val
img_000117,dataset/images/val/apricot_blossom\apricot_blossom_0005.jpg,apricot_blossom,1024,576,val
img_000118,dataset/images/val/apricot_blossom\apricot_blossom_0103.jpg,apricot_blossom,800,419,val
img_000119,dataset/images/val/apricot_blossom\apricot_blossom_0033.jpg,apricot_blossom,1024,576,val
img_000120,dataset/images/val/apricot_blossom\apricot_blossom_0077.jpg,apricot_blossom,1024,576,val
img_000121,dataset/images/val/apricot_blossom\apricot_blossom_0044.jpg,apricot_blossom,1024,576,val
img_000122,dataset/images/val/apricot_blossom\apricot_blossom_0134.jpg,apricot_blossom,800,504,val
img_000123,dataset/images/val/apricot_blossom\apricot_blossom_0045.jpg,apricot_blossom,1024,576,val
img_000124,dataset/images/val/apricot_blossom\apricot_blossom_0012.jpg,apricot_blossom,1024,576,val
img_000125,dataset/images/val/apricot_blossom\apricot_blossom_0048.jpg,apricot_blossom,1024,576,val
img_000126,dataset/images/val/apricot_blossom\apricot_blossom_0011.jpg,apricot_blossom,1024,576,val
img_000127,dataset/images/val/apricot_blossom\apricot_blossom_0154.jpg,apricot_blossom,800,600,val
img_000128,dataset/images/val/apricot_blossom\apricot_blossom_0086.jpg,apricot_blossom,1024,576,val
img_000129,dataset/images/val/apricot_blossom\apricot_blossom_0147.jpg,apricot_blossom,800,512,val
img_000130,dataset/images/val/apricot_blossom\apricot_blossom_0039.jpg,apricot_blossom,1024,576,val
img_000131,dataset/images/val/apricot_blossom\apricot_blossom_0137.jpg,apricot_blossom,800,600,val
img_000132,dataset/images/val/apricot_blossom\apricot_blossom_0087.jpg,apricot_blossom,1024,576,val
img_000133,dataset/images/val/apricot_blossom\apricot_blossom_0151.jpg,apricot_blossom,800,713,val
img_000134,dataset/images/val/apricot_blossom\apricot_blossom_0040.jpg,apricot_blossom,1024,576,val
img_000135,dataset/images/val/apricot_blossom\apricot_blossom_0001.jpg,apricot_blossom,1024,576,val
img_000136,dataset/images/val/apricot_blossom\apricot_blossom_0071.jpg,apricot_blossom,1024,576,val
img_000137,dataset/images/val/apricot_blossom\apricot_blossom_0114.jpg,apricot_blossom,800,456,val
img_000138,dataset/images/val/apricot_blossom\apricot_blossom_0056.jpg,apricot_blossom,1024,576,val
img_000139,dataset/images/val/apricot_blossom\apricot_blossom_0107.jpg,apricot_blossom,800,450,val
img_000140,dataset/images/val/apricot_blossom\apricot_blossom_0153.jpg,apricot_blossom,800,600,val
img_000141,dataset/images/val/apricot_blossom\apricot_blossom_0050.jpg,apricot_blossom,1024,576,val
img_000142,dataset/images/test/apricot_blossom\apricot_blossom_0159.jpg,apricot_blossom,800,600,test
img_000143,dataset/images/test/apricot_blossom\apricot_blossom_0130.jpg,apricot_blossom,800,525,test
img_000144,dataset/images/test/apricot_blossom\apricot_blossom_0059.jpg,apricot_blossom,1024,576,test
img_000145,dataset/images/test/apricot_blossom\apricot_blossom_0055.jpg,apricot_blossom,1024,576,test
img_000146,dataset/images/test/apricot_blossom\apricot_blossom_0023.jpg,apricot_blossom,1024,576,test
img_000147,dataset/images/test/apricot_blossom\apricot_blossom_0007.jpg,apricot_blossom,1024,576,test
img_000148,dataset/images/test/apricot_blossom\apricot_blossom_0008.jpg,apricot_blossom,1024,576,test
img_000149,dataset/images/test/apricot_blossom\apricot_blossom_0108.jpg,apricot_blossom,800,539,test
img_000150,dataset/images/test/apricot_blossom\apricot_blossom_0022.jpg,apricot_blossom,1024,576,test
img_000151,dataset/images/test/apricot_blossom\apricot_blossom_0141.jpg,apricot_blossom,800,450,test
img_000152,dataset/images/test/apricot_blossom\apricot_blossom_0026.jpg,apricot_blossom,1024,576,test
img_000153,dataset/images/test/apricot_blossom\apricot_blossom_0035.jpg,apricot_blossom,1024,576,test
img_000154,dataset/images/test/apricot_blossom\apricot_blossom_0057.jpg,apricot_blossom,1024,576,test
img_000155,dataset/images/test/apricot_blossom\apricot_blossom_0062.jpg,apricot_blossom,1024,576,test
img_000156,dataset/images/test/apricot_blossom\apricot_blossom_0070.jpg,apricot_blossom,1024,576,test
img_000157,dataset/images/test/apricot_blossom\apricot_blossom_0006.jpg,apricot_blossom,1024,576,test
img_000158,dataset/images/test/apricot_blossom\apricot_blossom_0028.jpg,apricot_blossom,1024,576,test
img_000159,dataset/images/train/daisy\daisy_0129.jpg,daisy,500,332,train
img_000160,dataset/images/train/daisy\daisy_0059.jpg,daisy,500,327,train
img_000161,dataset/images/train/daisy\daisy_0118.jpg,daisy,500,342,train
img_000162,dataset/images/train/daisy\daisy_0122.jpg,daisy,500,333,train
img_000163,dataset/images/train/daisy\daisy_0089.jpg,daisy,500,322,train
img_000164,dataset/images/train/daisy\daisy_0121.jpg,daisy,500,333,train
img_000165,dataset/images/train/daisy\daisy_0011.jpg,daisy,500,333,train
img_000166,dataset/images/train/daisy\daisy_0035.jpg,daisy,500,333,train
img_000167,dataset/images/train/daisy\daisy_0065.jpg,daisy,500,333,train
img_000168,dataset/images/train/daisy\daisy_0086.jpg,daisy,500,333,train
img_000169,dataset/images/train/daisy\daisy_0091.jpg,daisy,500,334,train
img_000170,dataset/images/train/daisy\daisy_0024.jpg,daisy,500,334,train
img_000171,dataset/images/train/daisy\daisy_0052.jpg,daisy,500,333,train
img_000172,dataset/images/train/daisy\daisy_0018.jpg,daisy,500,331,train
img_000173,dataset/images/train/daisy\daisy_0049.jpg,daisy,500,332,train
img_000174,dataset/images/train/daisy\daisy_0115.jpg,daisy,500,333,train
img_000175,dataset/images/train/daisy\daisy_0048.jpg,daisy,500,441,train
img_000176,dataset/images/train/daisy\daisy_0005.jpg,daisy,500,320,train
img_000177,dataset/images/train/daisy\daisy_0050.jpg,daisy,500,385,train
img_000178,dataset/images/train/daisy\daisy_0110.jpg,daisy,500,324,train
img_000179,dataset/images/train/daisy\daisy_0095.jpg,daisy,500,322,train
img_000180,dataset/images/train/daisy\daisy_0053.jpg,daisy,500,363,train
img_000181,dataset/images/train/daisy\daisy_0075.jpg,daisy,500,333,train
img_000182,dataset/images/train/daisy\daisy_0078.jpg,daisy,500,375,train
img_000183,dataset/images/train/daisy\daisy_0063.jpg,daisy,500,375,train
img_000184,dataset/images/train/daisy\daisy_0058.jpg,daisy,500,398,train
img_000185,dataset/images/train/daisy\daisy_0125.jpg,daisy,500,335,train
img_000186,dataset/images/train/daisy\daisy_0116.jpg,daisy,500,333,train
img_000187,dataset/images/train/daisy\daisy_0023.jpg,daisy,500,333,train
img_000188,dataset/images/train/daisy\daisy_0040.jpg,daisy,500,326,train
img_000189,dataset/images/train/daisy\daisy_0001.jpg,daisy,500,320,train
img_000190,dataset/images/train/daisy\daisy_0124.jpg,daisy,500,332,train
img_000191,dataset/images/train/daisy\daisy_0003.jpg,daisy,500,333,train
img_000192,dataset/images/train/daisy\daisy_0085.jpg,daisy,500,334,train
img_000193,dataset/images/train/daisy\daisy_0109.jpg,daisy,500,331,train
img_000194,dataset/images/train/daisy\daisy_0037.jpg,daisy,500,333,train
img_000195,dataset/images/train/daisy\daisy_0022.jpg,daisy,500,333,train
img_000196,dataset/images/train/daisy\daisy_0082.jpg,daisy,500,375,train
img_000197,dataset/images/train/daisy\daisy_0079.jpg,daisy,500,331,train
img_000198,dataset/images/train/daisy\daisy_0006.jpg,daisy,500,333,train
img_000199,dataset/images/train/daisy\daisy_0012.jpg,daisy,500,335,train
img_000200,dataset/images/train/daisy\daisy_0026.jpg,daisy,500,333,train
img_000201,dataset/images/train/daisy\daisy_0044.jpg,daisy,500,333,train
img_000202,dataset/images/train/daisy\daisy_0083.jpg,daisy,500,333,train
img_000203,dataset/images/train/daisy\daisy_0100.jpg,daisy,500,325,train
img_000204,dataset/images/train/daisy\daisy_0090.jpg,daisy,500,326,train
img_000205,dataset/images/train/daisy\daisy_0036.jpg,daisy,500,333,train
img_000206,dataset/images/train/daisy\daisy_0105.jpg,daisy,500,333,train
img_000207,dataset/images/train/daisy\daisy_0088.jpg,daisy,500,333,train
img_000208,dataset/images/train/daisy\daisy_0034.jpg,daisy,500,333,train
img_000209,dataset/images/train/daisy\daisy_0013.jpg,daisy,500,332,train
img_000210,dataset/images/train/daisy\daisy_0113.jpg,daisy,500,333,train
img_000211,dataset/images/train/daisy\daisy_0042.jpg,daisy,500,322,train
img_000212,dataset/images/train/daisy\daisy_0017.jpg,daisy,500,331,train
img_000213,dataset/images/train/daisy\daisy_0073.jpg,daisy,500,333,train
img_000214,dataset/images/train/daisy\daisy_0032.jpg,daisy,500,333,train
img_000215,dataset/images/train/daisy\daisy_0061.jpg,daisy,500,334,train
img_000216,dataset/images/train/daisy\daisy_0087.jpg,daisy,500,333,train
img_000217,dataset/images/train/daisy\daisy_0055.jpg,daisy,500,375,train
img_000218,dataset/images/train/daisy\daisy_0096.jpg,daisy,500,333,train
img_000219,dataset/images/train/daisy\daisy_0074.jpg,daisy,500,334,train
img_000220,dataset/images/train/daisy\daisy_0004.jpg,daisy,500,331,train
img_000221,dataset/images/train/daisy\daisy_0106.jpg,daisy,500,333,train
img_000222,dataset/images/train/daisy\daisy_0101.jpg,daisy,500,333,train
img_000223,dataset/images/train/daisy\daisy_0009.jpg,daisy,500,333,train
img_000224,dataset/images/train/daisy\daisy_0126.jpg,daisy,500,333,train
img_000225,dataset/images/train/daisy\daisy_0071.jpg,daisy,500,391,train
img_000226,dataset/images/train/daisy\daisy_0029.jpg,daisy,500,332,train
img_000227,dataset/images/train/daisy\daisy_0123.jpg,daisy,500,339,train
img_000228,dataset/images/train/daisy\daisy_0043.jpg,daisy,500,333,train
img_000229,dataset/images/train/daisy\daisy_0094.jpg,daisy,500,333,train
img_000230,dataset/images/train/daisy\daisy_0028.jpg,daisy,500,333,train
img_000231,dataset/images/train/daisy\daisy_0031.jpg,daisy,500,333,train
img_000232,dataset/images/train/daisy\daisy_0015.jpg,daisy,500,333,train
img_000233,dataset/images/train/daisy\daisy_0057.jpg,daisy,500,333,train
img_000234,dataset/images/train/daisy\daisy_0066.jpg,daisy,500,333,train
img_000235,dataset/images/train/daisy\daisy_0056.jpg,daisy,500,333,train
img_000236,dataset/images/train/daisy\daisy_0117.jpg,daisy,500,332,train
img_000237,dataset/images/train/daisy\daisy_0051.jpg,daisy,500,333,train
img_000238,dataset/images/train/daisy\daisy_0104.jpg,daisy,500,333,train
img_000239,dataset/images/train/daisy\daisy_0119.jpg,daisy,500,326,train
img_000240,dataset/images/train/daisy\daisy_0114.jpg,daisy,500,333,train
img_000241,dataset/images/train/daisy\daisy_0127.jpg,daisy,500,333,train
img_000242,dataset/images/train/daisy\daisy_0054.jpg,daisy,500,333,train
img_000243,dataset/images/train/daisy\daisy_0120.jpg,daisy,500,322,train
img_000244,dataset/images/train/daisy\daisy_0112.jpg,daisy,500,332,train
img_000245,dataset/images/train/daisy\daisy_0033.jpg,daisy,500,333,train
img_000246,dataset/images/train/daisy\daisy_0021.jpg,daisy,500,333,train
img_000247,dataset/images/train/daisy\daisy_0070.jpg,daisy,500,322,train
img_000248,dataset/images/train/daisy\daisy_0060.jpg,daisy,500,333,train
img_000249,dataset/images/train/daisy\daisy_0084.jpg,daisy,500,338,train
img_000250,dataset/images/val/daisy\daisy_0092.jpg,daisy,500,321,val
img_000251,dataset/images/val/daisy\daisy_0016.jpg,daisy,500,335,val
img_000252,dataset/images/val/daisy\daisy_0068.jpg,daisy,500,333,val
img_000253,dataset/images/val/daisy\daisy_0008.jpg,daisy,500,333,val
img_000254,dataset/images/val/daisy\daisy_0108.jpg,daisy,500,333,val
img_000255,dataset/images/val/daisy\daisy_0093.jpg,daisy,500,332,val
img_000256,dataset/images/val/daisy\daisy_0098.jpg,daisy,500,333,val
img_000257,dataset/images/val/daisy\daisy_0010.jpg,daisy,500,333,val
img_000258,dataset/images/val/daisy\daisy_0072.jpg,daisy,500,333,val
img_000259,dataset/images/val/daisy\daisy_0102.jpg,daisy,500,333,val
img_000260,dataset/images/val/daisy\daisy_0007.jpg,daisy,500,333,val
img_000261,dataset/images/val/daisy\daisy_0030.jpg,daisy,500,333,val
img_000262,dataset/images/val/daisy\daisy_0039.jpg,daisy,500,331,val
img_000263,dataset/images/val/daisy\daisy_0103.jpg,daisy,500,333,val
img_000264,dataset/images/val/daisy\daisy_0046.jpg,daisy,500,333,val
img_000265,dataset/images/val/daisy\daisy_0014.jpg,daisy,500,333,val
img_000266,dataset/images/val/daisy\daisy_0002.jpg,daisy,500,333,val
img_000267,dataset/images/val/daisy\daisy_0062.jpg,daisy,500,333,val
img_000268,dataset/images/val/daisy\daisy_0041.jpg,daisy,500,333,val
img_000269,dataset/images/val/daisy\daisy_0076.jpg,daisy,500,375,val
img_000270,dataset/images/val/daisy\daisy_0000.jpg,daisy,500,333,val
img_000271,dataset/images/val/daisy\daisy_0067.jpg,daisy,500,333,val
img_000272,dataset/images/val/daisy\daisy_0099.jpg,daisy,500,335,val
img_000273,dataset/images/val/daisy\daisy_0069.jpg,daisy,500,333,val
img_000274,dataset/images/val/daisy\daisy_0020.jpg,daisy,500,335,val
img_000275,dataset/images/val/daisy\daisy_0097.jpg,daisy,500,333,val
img_000276,dataset/images/test/daisy\daisy_0047.jpg,daisy,500,333,test
img_000277,dataset/images/test/daisy\daisy_0019.jpg,daisy,500,333,test
img_000278,dataset/images/test/daisy\daisy_0025.jpg,daisy,500,333,test
img_000279,dataset/images/test/daisy\daisy_0077.jpg,daisy,500,333,test
img_000280,dataset/images/test/daisy\daisy_0064.jpg,daisy,500,333,test
img_000281,dataset/images/test/daisy\daisy_0081.jpg,daisy,500,375,test
img_000282,dataset/images/test/daisy\daisy_0107.jpg,daisy,500,332,test
img_000283,dataset/images/test/daisy\daisy_0038.jpg,daisy,500,333,test
img_000284,dataset/images/test/daisy\daisy_0080.jpg,daisy,500,333,test
img_000285,dataset/images/test/daisy\daisy_0111.jpg,daisy,500,332,test
img_000286,dataset/images/test/daisy\daisy_0027.jpg,daisy,500,333,test
img_000287,dataset/images/test/daisy\daisy_0045.jpg,daisy,500,385,test
img_000288,dataset/images/test/daisy\daisy_0128.jpg,daisy,500,333,test
img_000289,dataset/images/train/dandelion\dandelion_0207.jpg,dandelion,500,331,train
img_000290,dataset/images/train/dandelion\dandelion_0037.jpg,dandelion,500,337,train
img_000291,dataset/images/train/dandelion\dandelion_0111.jpg,dandelion,500,333,train
img_000292,dataset/images/train/dandelion\dandelion_0093.jpg,dandelion,500,332,train
img_000293,dataset/images/train/dandelion\dandelion_0218.jpg,dandelion,500,333,train
img_000294,dataset/images/train/dandelion\dandelion_0024.jpg,dandelion,800,500,train
img_000295,dataset/images/train/dandelion\dandelion_0186.jpg,dandelion,500,333,train
img_000296,dataset/images/train/dandelion\dandelion_0038.jpg,dandelion,500,333,train
img_000297,dataset/images/train/dandelion\dandelion_0084.jpg,dandelion,500,333,train
img_000298,dataset/images/train/dandelion\dandelion_0065.jpg,dandelion,500,333,train
img_000299,dataset/images/train/dandelion\dandelion_0049.jpg,dandelion,500,333,train
img_000300,dataset/images/train/dandelion\dandelion_0036.jpg,dandelion,500,335,train
img_000301,dataset/images/train/dandelion\dandelion_0113.jpg,dandelion,500,333,train
img_000302,dataset/images/train/dandelion\dandelion_0041.jpg,dandelion,500,331,train
img_000303,dataset/images/train/dandelion\dandelion_0082.jpg,dandelion,500,333,train
img_000304,dataset/images/train/dandelion\dandelion_0059.jpg,dandelion,500,333,train
img_000305,dataset/images/train/dandelion\dandelion_0008.jpg,dandelion,800,500,train
img_000306,dataset/images/train/dandelion\dandelion_0120.jpg,dandelion,500,333,train
img_000307,dataset/images/train/dandelion\dandelion_0209.jpg,dandelion,500,333,train
img_000308,dataset/images/train/dandelion\dandelion_0085.jpg,dandelion,500,333,train
img_000309,dataset/images/train/dandelion\dandelion_0125.jpg,dandelion,500,334,train
img_000310,dataset/images/train/dandelion\dandelion_0127.jpg,dandelion,500,333,train
img_000311,dataset/images/train/dandelion\dandelion_0028.jpg,dandelion,798,472,train
img_000312,dataset/images/train/dandelion\dandelion_0134.jpg,dandelion,500,332,train
img_000313,dataset/images/train/dandelion\dandelion_0182.jpg,dandelion,500,333,train
img_000314,dataset/images/train/dandelion\dandelion_0023.jpg,dandelion,800,500,train
img_000315,dataset/images/train/dandelion\dandelion_0086.jpg,dandelion,500,333,train
img_000316,dataset/images/train/dandelion\dandelion_0126.jpg,dandelion,500,332,train
img_000317,dataset/images/train/dandelion\dandelion_0196.jpg,dandelion,500,333,train
img_000318,dataset/images/train/dandelion\dandelion_0078.jpg,dandelion,500,333,train
img_000319,dataset/images/train/dandelion\dandelion_0123.jpg,dandelion,500,333,train
img_000320,dataset/images/train/dandelion\dandelion_0121.jpg,dandelion,500,334,train
img_000321,dataset/images/train/dandelion\dandelion_0119.jpg,dandelion,500,332,train
img_000322,dataset/images/train/dandelion\dandelion_0234.jpg,dandelion,500,333,train
img_000323,dataset/images/train/dandelion\dandelion_0007.jpg,dandelion,800,500,train
img_000324,dataset/images/train/dandelion\dandelion_0185.jpg,dandelion,500,333,train
img_000325,dataset/images/train/dandelion\dandelion_0044.jpg,dandelion,500,334,train
img_000326,dataset/images/train/dandelion\dandelion_0173.jpg,dandelion,500,332,train
img_000327,dataset/images/train/dandelion\dandelion_0079.jpg,dandelion,500,333,train
img_000328,dataset/images/train/dandelion\dandelion_0216.jpg,dandelion,500,333,train
img_000329,dataset/images/train/dandelion\dandelion_0189.jpg,dandelion,500,333,train
img_000330,dataset/images/train/dandelion\dandelion_0043.jpg,dandelion,500,333,train
img_000331,dataset/images/train/dandelion\dandelion_0201.jpg,dandelion,500,333,train
img_000332,dataset/images/train/dandelion\dandelion_0177.jpg,dandelion,500,330,train
img_000333,dataset/images/train/dandelion\dandelion_0021.jpg,dandelion,800,500,train
img_000334,dataset/images/train/dandelion\dandelion_0157.jpg,dandelion,500,333,train
img_000335,dataset/images/train/dandelion\dandelion_0057.jpg,dandelion,500,333,train
img_000336,dataset/images/train/dandelion\dandelion_0095.jpg,dandelion,500,333,train
img_000337,dataset/images/train/dandelion\dandelion_0100.jpg,dandelion,500,333,train
img_000338,dataset/images/train/dandelion\dandelion_0051.jpg,dandelion,500,333,train
img_000339,dataset/images/train/dandelion\dandelion_0058.jpg,dandelion,500,333,train
img_000340,dataset/images/train/dandelion\dandelion_0050.jpg,dandelion,500,332,train
img_000341,dataset/images/train/dandelion\dandelion_0105.jpg,dandelion,500,333,train
img_000342,dataset/images/train/dandelion\dandelion_0143.jpg,dandelion,500,333,train
img_000343,dataset/images/train/dandelion\dandelion_0091.jpg,dandelion,500,333,train
img_000344,dataset/images/train/dandelion\dandelion_0141.jpg,dandelion,500,333,train
img_000345,dataset/images/train/dandelion\dandelion_0068.jpg,dandelion,500,333,train
img_000346,dataset/images/train/dandelion\dandelion_0203.jpg,dandelion,500,333,train
img_000347,dataset/images/train/dandelion\dandelion_0229.jpg,dandelion,500,332,train
img_000348,dataset/images/train/dandelion\dandelion_0213.jpg,dandelion,500,331,train
img_000349,dataset/images/train/dandelion\dandelion_0235.jpg,dandelion,500,333,train
img_000350,dataset/images/train/dandelion\dandelion_0140.jpg,dandelion,500,333,train
img_000351,dataset/images/train/dandelion\dandelion_0150.jpg,dandelion,500,332,train
img_000352,dataset/images/train/dandelion\dandelion_0214.jpg,dandelion,500,331,train
img_000353,dataset/images/train/dandelion\dandelion_0162.jpg,dandelion,500,333,train
img_000354,dataset/images/train/dandelion\dandelion_0092.jpg,dandelion,500,333,train
img_000355,dataset/images/train/dandelion\dandelion_0155.jpg,dandelion,500,333,train
img_000356,dataset/images/train/dandelion\dandelion_0109.jpg,dandelion,500,333,train
img_000357,dataset/images/train/dandelion\dandelion_0131.jpg,dandelion,500,333,train
img_000358,dataset/images/train/dandelion\dandelion_0181.jpg,dandelion,500,331,train
img_000359,dataset/images/train/dandelion\dandelion_0224.jpg,dandelion,500,333,train
img_000360,dataset/images/train/dandelion\dandelion_0003.jpg,dandelion,800,500,train
img_000361,dataset/images/train/dandelion\dandelion_0219.jpg,dandelion,500,333,train
img_000362,dataset/images/train/dandelion\dandelion_0022.jpg,dandelion,800,450,train
img_000363,dataset/images/train/dandelion\dandelion_0179.jpg,dandelion,500,334,train
img_000364,dataset/images/train/dandelion\dandelion_0236.jpg,dandelion,500,333,train
img_000365,dataset/images/train/dandelion\dandelion_0096.jpg,dandelion,500,333,train
img_000366,dataset/images/train/dandelion\dandelion_0220.jpg,dandelion,500,333,train
img_000367,dataset/images/train/dandelion\dandelion_0167.jpg,dandelion,500,334,train
img_000368,dataset/images/train/dandelion\dandelion_0083.jpg,dandelion,500,333,train
img_000369,dataset/images/train/dandelion\dandelion_0013.jpg,dandelion,800,500,train
img_000370,dataset/images/train/dandelion\dandelion_0031.jpg,dandelion,800,450,train
img_000371,dataset/images/train/dandelion\dandelion_0208.jpg,dandelion,500,333,train
img_000372,dataset/images/train/dandelion\dandelion_0045.jpg,dandelion,500,334,train
img_000373,dataset/images/train/dandelion\dandelion_0153.jpg,dandelion,500,333,train
img_000374,dataset/images/train/dandelion\dandelion_0046.jpg,dandelion,500,333,train
img_000375,dataset/images/train/dandelion\dandelion_0175.jpg,dandelion,500,333,train
img_000376,dataset/images/train/dandelion\dandelion_0114.jpg,dandelion,500,333,train
img_000377,dataset/images/train/dandelion\dandelion_0110.jpg,dandelion,500,333,train
img_000378,dataset/images/train/dandelion\dandelion_0212.jpg,dandelion,500,333,train
img_000379,dataset/images/train/dandelion\dandelion_0156.jpg,dandelion,500,332,train
img_000380,dataset/images/train/dandelion\dandelion_0104.jpg,dandelion,500,333,train
img_000381,dataset/images/train/dandelion\dandelion_0074.jpg,dandelion,500,333,train
img_000382,dataset/images/train/dandelion\dandelion_0194.jpg,dandelion,500,333,train
img_000383,dataset/images/train/dandelion\dandelion_0004.jpg,dandelion,800,500,train
img_000384,dataset/images/train/dandelion\dandelion_0132.jpg,dandelion,500,333,train
img_000385,dataset/images/train/dandelion\dandelion_0019.jpg,dandelion,800,500,train
img_000386,dataset/images/train/dandelion\dandelion_0088.jpg,dandelion,500,333,train
img_000387,dataset/images/train/dandelion\dandelion_0009.jpg,dandelion,800,500,train
img_000388,dataset/images/train/dandelion\dandelion_0197.jpg,dandelion,500,333,train
img_000389,dataset/images/train/dandelion\dandelion_0001.jpg,dandelion,800,530,train
img_000390,dataset/images/train/dandelion\dandelion_0071.jpg,dandelion,500,333,train
img_000391,dataset/images/train/dandelion\dandelion_0159.jpg,dandelion,500,332,train
img_000392,dataset/images/train/dandelion\dandelion_0090.jpg,dandelion,500,333,train
img_000393,dataset/images/train/dandelion\dandelion_0070.jpg,dandelion,500,333,train
img_000394,dataset/images/train/dandelion\dandelion_0056.jpg,dandelion,500,333,train
img_000395,dataset/images/train/dandelion\dandelion_0147.jpg,dandelion,500,333,train
img_000396,dataset/images/train/dandelion\dandelion_0180.jpg,dandelion,500,334,train
img_000397,dataset/images/train/dandelion\dandelion_0151.jpg,dandelion,500,333,train
img_000398,dataset/images/train/dandelion\dandelion_0118.jpg,dandelion,500,334,train
img_000399,dataset/images/train/dandelion\dandelion_0016.jpg,dandelion,799,531,train
img_000400,dataset/images/train/dandelion\dandelion_0098.jpg,dandelion,500,333,train
img_000401,dataset/images/train/dandelion\dandelion_0232.jpg,dandelion,500,333,train
img_000402,dataset/images/train/dandelion\dandelion_0230.jpg,dandelion,500,327,train
img_000403,dataset/images/train/dandelion\dandelion_0005.jpg,dandelion,799,533,train
img_000404,dataset/images/train/dandelion\dandelion_0035.jpg,dandelion,500,333,train
img_000405,dataset/images/train/dandelion\dandelion_0106.jpg,dandelion,500,333,train
img_000406,dataset/images/train/dandelion\dandelion_0154.jpg,dandelion,500,333,train
img_000407,dataset/images/train/dandelion\dandelion_0081.jpg,dandelion,500,333,train
img_000408,dataset/images/train/dandelion\dandelion_0011.jpg,dandelion,800,500,train
img_000409,dataset/images/train/dandelion\dandelion_0006.jpg,dandelion,800,450,train
img_000410,dataset/images/train/dandelion\dandelion_0223.jpg,dandelion,500,333,train
img_000411,dataset/images/train/dandelion\dandelion_0225.jpg,dandelion,500,333,train
img_000412,dataset/images/train/dandelion\dandelion_0115.jpg,dandelion,500,333,train
img_000413,dataset/images/train/dandelion\dandelion_0032.jpg,dandelion,800,533,train
img_000414,dataset/images/train/dandelion\dandelion_0184.jpg,dandelion,500,333,train
img_000415,dataset/images/train/dandelion\dandelion_0064.jpg,dandelion,500,333,train
img_000416,dataset/images/train/dandelion\dandelion_0136.jpg,dandelion,500,332,train
img_000417,dataset/images/train/dandelion\dandelion_0190.jpg,dandelion,500,333,train
img_000418,dataset/images/train/dandelion\dandelion_0087.jpg,dandelion,500,332,train
img_000419,dataset/images/train/dandelion\dandelion_0053.jpg,dandelion,500,322,train
img_000420,dataset/images/train/dandelion\dandelion_0146.jpg,dandelion,500,333,train
img_000421,dataset/images/train/dandelion\dandelion_0069.jpg,dandelion,500,333,train
img_000422,dataset/images/train/dandelion\dandelion_0215.jpg,dandelion,500,333,train
img_000423,dataset/images/train/dandelion\dandelion_0027.jpg,dandelion,800,500,train
img_000424,dataset/images/train/dandelion\dandelion_0029.jpg,dandelion,800,500,train
img_000425,dataset/images/train/dandelion\dandelion_0217.jpg,dandelion,500,333,train
img_000426,dataset/images/train/dandelion\dandelion_0034.jpg,dandelion,500,333,train
img_000427,dataset/images/train/dandelion\dandelion_0026.jpg,dandelion,800,450,train
img_000428,dataset/images/train/dandelion\dandelion_0164.jpg,dandelion,500,341,train
img_000429,dataset/images/train/dandelion\dandelion_0160.jpg,dandelion,500,333,train
img_000430,dataset/images/train/dandelion\dandelion_0199.jpg,dandelion,500,333,train
img_000431,dataset/images/train/dandelion\dandelion_0077.jpg,dandelion,500,333,train
img_000432,dataset/images/train/dandelion\dandelion_0139.jpg,dandelion,500,332,train
img_000433,dataset/images/train/dandelion\dandelion_0112.jpg,dandelion,500,332,train
img_000434,dataset/images/train/dandelion\dandelion_0198.jpg,dandelion,500,333,train
img_000435,dataset/images/train/dandelion\dandelion_0072.jpg,dandelion,500,333,train
img_000436,dataset/images/train/dandelion\dandelion_0094.jpg,dandelion,500,332,train
img_000437,dataset/images/train/dandelion\dandelion_0062.jpg,dandelion,500,333,train
img_000438,dataset/images/train/dandelion\dandelion_0206.jpg,dandelion,500,333,train
img_000439,dataset/images/train/dandelion\dandelion_0089.jpg,dandelion,500,333,train
img_000440,dataset/images/train/dandelion\dandelion_0166.jpg,dandelion,500,320,train
img_000441,dataset/images/train/dandelion\dandelion_0222.jpg,dandelion,500,333,train
img_000442,dataset/images/train/dandelion\dandelion_0129.jpg,dandelion,500,375,train
img_000443,dataset/images/train/dandelion\dandelion_0237.jpg,dandelion,500,334,train
img_000444,dataset/images/train/dandelion\dandelion_0137.jpg,dandelion,500,333,train
img_000445,dataset/images/train/dandelion\dandelion_0161.jpg,dandelion,500,333,train
img_000446,dataset/images/train/dandelion\dandelion_0025.jpg,dandelion,800,500,train
img_000447,dataset/images/train/dandelion\dandelion_0176.jpg,dandelion,500,332,train
img_000448,dataset/images/train/dandelion\dandelion_0163.jpg,dandelion,500,332,train
img_000449,dataset/images/train/dandelion\dandelion_0002.jpg,dandelion,800,500,train
img_000450,dataset/images/train/dandelion\dandelion_0018.jpg,dandelion,800,531,train
img_000451,dataset/images/train/dandelion\dandelion_0170.jpg,dandelion,500,332,train
img_000452,dataset/images/train/dandelion\dandelion_0117.jpg,dandelion,500,333,train
img_000453,dataset/images/train/dandelion\dandelion_0076.jpg,dandelion,500,333,train
img_000454,dataset/images/train/dandelion\dandelion_0165.jpg,dandelion,500,329,train
img_000455,dataset/images/val/dandelion\dandelion_0033.jpg,dandelion,500,333,val
img_000456,dataset/images/val/dandelion\dandelion_0101.jpg,dandelion,500,333,val
img_000457,dataset/images/val/dandelion\dandelion_0228.jpg,dandelion,500,331,val
img_000458,dataset/images/val/dandelion\dandelion_0061.jpg,dandelion,500,333,val
img_000459,dataset/images/val/dandelion\dandelion_0174.jpg,dandelion,500,332,val
img_000460,dataset/images/val/dandelion\dandelion_0171.jpg,dandelion,500,333,val
img_000461,dataset/images/val/dandelion\dandelion_0052.jpg,dandelion,500,333,val
img_000462,dataset/images/val/dandelion\dandelion_0066.jpg,dandelion,500,334,val
img_000463,dataset/images/val/dandelion\dandelion_0205.jpg,dandelion,500,331,val
img_000464,dataset/images/val/dandelion\dandelion_0133.jpg,dandelion,500,334,val
img_000465,dataset/images/val/dandelion\dandelion_0144.jpg,dandelion,500,375,val
img_000466,dataset/images/val/dandelion\dandelion_0202.jpg,dandelion,500,333,val
img_000467,dataset/images/val/dandelion\dandelion_0168.jpg,dandelion,500,333,val
img_000468,dataset/images/val/dandelion\dandelion_0107.jpg,dandelion,500,333,val
img_000469,dataset/images/val/dandelion\dandelion_0195.jpg,dandelion,500,333,val
img_000470,dataset/images/val/dandelion\dandelion_0158.jpg,dandelion,500,333,val
img_000471,dataset/images/val/dandelion\dandelion_0010.jpg,dandelion,799,529,val
img_000472,dataset/images/val/dandelion\dandelion_0192.jpg,dandelion,500,333,val
img_000473,dataset/images/val/dandelion\dandelion_0210.jpg,dandelion,500,333,val
img_000474,dataset/images/val/dandelion\dandelion_0063.jpg,dandelion,500,333,val
img_000475,dataset/images/val/dandelion\dandelion_0145.jpg,dandelion,500,333,val
img_000476,dataset/images/val/dandelion\dandelion_0030.jpg,dandelion,800,500,val
img_000477,dataset/images/val/dandelion\dandelion_0103.jpg,dandelion,500,333,val
img_000478,dataset/images/val/dandelion\dandelion_0060.jpg,dandelion,500,331,val
img_000479,dataset/images/val/dandelion\dandelion_0172.jpg,dandelion,500,333,val
img_000480,dataset/images/val/dandelion\dandelion_0193.jpg,dandelion,500,333,val
img_000481,dataset/images/val/dandelion\dandelion_0152.jpg,dandelion,500,333,val
img_000482,dataset/images/val/dandelion\dandelion_0017.jpg,dandelion,800,500,val
img_000483,dataset/images/val/dandelion\dandelion_0047.jpg,dandelion,500,333,val
img_000484,dataset/images/val/dandelion\dandelion_0020.jpg,dandelion,800,500,val
img_000485,dataset/images/val/dandelion\dandelion_0130.jpg,dandelion,500,333,val
img_000486,dataset/images/val/dandelion\dandelion_0204.jpg,dandelion,500,332,val
img_000487,dataset/images/val/dandelion\dandelion_0040.jpg,dandelion,500,333,val
img_000488,dataset/images/val/dandelion\dandelion_0135.jpg,dandelion,500,333,val
img_000489,dataset/images/val/dandelion\dandelion_0128.jpg,dandelion,500,333,val
img_000490,dataset/images/val/dandelion\dandelion_0122.jpg,dandelion,500,333,val
img_000491,dataset/images/val/dandelion\dandelion_0149.jpg,dandelion,500,333,val
img_000492,dataset/images/val/dandelion\dandelion_0012.jpg,dandelion,800,500,val
img_000493,dataset/images/val/dandelion\dandelion_0211.jpg,dandelion,500,335,val
img_000494,dataset/images/val/dandelion\dandelion_0080.jpg,dandelion,500,333,val
img_000495,dataset/images/val/dandelion\dandelion_0191.jpg,dandelion,500,333,val
img_000496,dataset/images/val/dandelion\dandelion_0233.jpg,dandelion,500,333,val
img_000497,dataset/images/val/dandelion\dandelion_0138.jpg,dandelion,500,333,val
img_000498,dataset/images/val/dandelion\dandelion_0188.jpg,dandelion,500,333,val
img_000499,dataset/images/val/dandelion\dandelion_0148.jpg,dandelion,500,333,val
img_000500,dataset/images/val/dandelion\dandelion_0014.jpg,dandelion,800,500,val
img_000501,dataset/images/val/dandelion\dandelion_0055.jpg,dandelion,500,334,val
img_000502,dataset/images/test/dandelion\dandelion_0075.jpg,dandelion,500,333,test
img_000503,dataset/images/test/dandelion\dandelion_0048.jpg,dandelion,500,335,test
img_000504,dataset/images/test/dandelion\dandelion_0039.jpg,dandelion,500,339,test
img_000505,dataset/images/test/dandelion\dandelion_0124.jpg,dandelion,500,334,test
img_000506,dataset/images/test/dandelion\dandelion_0183.jpg,dandelion,500,333,test
img_000507,dataset/images/test/dandelion\dandelion_0169.jpg,dandelion,500,333,test
img_000508,dataset/images/test/dandelion\dandelion_0142.jpg,dandelion,500,344,test
img_000509,dataset/images/test/dandelion\dandelion_0226.jpg,dandelion,500,333,test
img_000510,dataset/images/test/dandelion\dandelion_0187.jpg,dandelion,500,333,test
img_000511,dataset/images/test/dandelion\dandelion_0178.jpg,dandelion,500,333,test
img_000512,dataset/images/test/dandelion\dandelion_0108.jpg,dandelion,500,333,test
img_000513,dataset/images/test/dandelion\dandelion_0073.jpg,dandelion,500,333,test
img_000514,dataset/images/test/dandelion\dandelion_0116.jpg,dandelion,500,333,test
img_000515,dataset/images/test/dandelion\dandelion_0227.jpg,dandelion,500,333,test
img_000516,dataset/images/test/dandelion\dandelion_0200.jpg,dandelion,500,333,test
img_000517,dataset/images/test/dandelion\dandelion_0067.jpg,dandelion,500,331,test
img_000518,dataset/images/test/dandelion\dandelion_0099.jpg,dandelion,500,333,test
img_000519,dataset/images/test/dandelion\dandelion_0000.jpg,dandelion,800,533,test
img_000520,dataset/images/test/dandelion\dandelion_0097.jpg,dandelion,500,333,test
img_000521,dataset/images/test/dandelion\dandelion_0042.jpg,dandelion,500,332,test
img_000522,dataset/images/test/dandelion\dandelion_0015.jpg,dandelion,800,500,test
img_000523,dataset/images/test/dandelion\dandelion_0231.jpg,dandelion,500,333,test
img_000524,dataset/images/test/dandelion\dandelion_0102.jpg,dandelion,500,333,test
img_000525,dataset/images/test/dandelion\dandelion_0221.jpg,dandelion,500,333,test
img_000526,dataset/images/test/dandelion\dandelion_0054.jpg,dandelion,500,332,test
img_000527,dataset/images/train/peach_blossom\peach_blossom_0145.jpg,peach_blossom,1024,682,train
img_000528,dataset/images/train/peach_blossom\peach_blossom_0039.jpg,peach_blossom,1024,576,train
img_000529,dataset/images/train/peach_blossom\peach_blossom_0164.jpg,peach_blossom,1024,682,train
img_000530,dataset/images/train/peach_blossom\peach_blossom_0052.jpg,peach_blossom,1024,576,train
img_000531,dataset/images/train/peach_blossom\peach_blossom_0156.jpg,peach_blossom,1024,682,train
img_000532,dataset/images/train/peach_blossom\peach_blossom_0046.jpg,peach_blossom,1024,576,train
img_000533,dataset/images/train/peach_blossom\peach_blossom_0065.jpg,peach_blossom,1024,576,train
img_000534,dataset/images/train/peach_blossom\peach_blossom_0061.jpg,peach_blossom,1024,576,train
img_000535,dataset/images/train/peach_blossom\peach_blossom_0002.jpg,peach_blossom,1024,576,train
img_000536,dataset/images/train/peach_blossom\peach_blossom_0016.jpg,peach_blossom,1024,576,train
img_000537,dataset/images/train/peach_blossom\peach_blossom_0011.jpg,peach_blossom,1024,576,train
img_000538,dataset/images/train/peach_blossom\peach_blossom_0010.jpg,peach_blossom,1024,576,train
img_000539,dataset/images/train/peach_blossom\peach_blossom_0055.jpg,peach_blossom,1024,576,train
img_000540,dataset/images/train/peach_blossom\peach_blossom_0094.jpg,peach_blossom,1024,576,train
img_000541,dataset/images/train/peach_blossom\peach_blossom_0159.jpg,peach_blossom,1024,682,train
img_000542,dataset/images/train/peach_blossom\peach_blossom_0138.jpg,peach_blossom,1024,682,train
img_000543,dataset/images/train/peach_blossom\peach_blossom_0025.jpg,peach_blossom,1024,576,train
img_000544,dataset/images/train/peach_blossom\peach_blossom_0149.jpg,peach_blossom,1024,682,train
img_000545,dataset/images/train/peach_blossom\peach_blossom_0136.jpg,peach_blossom,1024,682,train
img_000546,dataset/images/train/peach_blossom\peach_blossom_0117.jpg,peach_blossom,682,1024,train
img_000547,dataset/images/train/peach_blossom\peach_blossom_0007.jpg,peach_blossom,1024,576,train
img_000548,dataset/images/train/peach_blossom\peach_blossom_0019.jpg,peach_blossom,1024,576,train
img_000549,dataset/images/train/peach_blossom\peach_blossom_0041.jpg,peach_blossom,1024,576,train
img_000550,dataset/images/train/peach_blossom\peach_blossom_0135.jpg,peach_blossom,1024,682,train
img_000551,dataset/images/train/peach_blossom\peach_blossom_0088.jpg,peach_blossom,1024,576,train
img_000552,dataset/images/train/peach_blossom\peach_blossom_0038.jpg,peach_blossom,1024,576,train
img_000553,dataset/images/train/peach_blossom\peach_blossom_0037.jpg,peach_blossom,1024,576,train
img_000554,dataset/images/train/peach_blossom\peach_blossom_0027.jpg,peach_blossom,1024,576,train
img_000555,dataset/images/train/peach_blossom\peach_blossom_0012.jpg,peach_blossom,1024,576,train
img_000556,dataset/images/train/peach_blossom\peach_blossom_0042.jpg,peach_blossom,1024,576,train
img_000557,dataset/images/train/peach_blossom\peach_blossom_0111.jpg,peach_blossom,682,1024,train
img_000558,dataset/images/train/peach_blossom\peach_blossom_0103.jpg,peach_blossom,682,1024,train
img_000559,dataset/images/train/peach_blossom\peach_blossom_0104.jpg,peach_blossom,682,1024,train
img_000560,dataset/images/train/peach_blossom\peach_blossom_0068.jpg,peach_blossom,1024,576,train
img_000561,dataset/images/train/peach_blossom\peach_blossom_0036.jpg,peach_blossom,1024,576,train
img_000562,dataset/images/train/peach_blossom\peach_blossom_0001.jpg,peach_blossom,1024,576,train
img_000563,dataset/images/train/peach_blossom\peach_blossom_0157.jpg,peach_blossom,1024,682,train
img_000564,dataset/images/train/peach_blossom\peach_blossom_0082.jpg,peach_blossom,1024,576,train
img_000565,dataset/images/train/peach_blossom\peach_blossom_0047.jpg,peach_blossom,1024,576,train
img_000566,dataset/images/train/peach_blossom\peach_blossom_0127.jpg,peach_blossom,682,1024,train
img_000567,dataset/images/train/peach_blossom\peach_blossom_0129.jpg,peach_blossom,682,1024,train
img_000568,dataset/images/train/peach_blossom\peach_blossom_0029.jpg,peach_blossom,1024,576,train
img_000569,dataset/images/train/peach_blossom\peach_blossom_0166.jpg,peach_blossom,1200,675,train
img_000570,dataset/images/train/peach_blossom\peach_blossom_0152.jpg,peach_blossom,1024,682,train
img_000571,dataset/images/train/peach_blossom\peach_blossom_0048.jpg,peach_blossom,1024,576,train
img_000572,dataset/images/train/peach_blossom\peach_blossom_0026.jpg,peach_blossom,1024,576,train
img_000573,dataset/images/train/peach_blossom\peach_blossom_0004.jpg,peach_blossom,1024,576,train
img_000574,dataset/images/train/peach_blossom\peach_blossom_0101.jpg,peach_blossom,1200,675,train
img_000575,dataset/images/train/peach_blossom\peach_blossom_0086.jpg,peach_blossom,1024,576,train
img_000576,dataset/images/train/peach_blossom\peach_blossom_0118.jpg,peach_blossom,682,1024,train
img_000577,dataset/images/train/peach_blossom\peach_blossom_0155.jpg,peach_blossom,1024,682,train
img_000578,dataset/images/train/peach_blossom\peach_blossom_0114.jpg,peach_blossom,682,1024,train
img_000579,dataset/images/train/peach_blossom\peach_blossom_0014.jpg,peach_blossom,1024,576,train
img_000580,dataset/images/train/peach_blossom\peach_blossom_0122.jpg,peach_blossom,682,1024,train
img_000581,dataset/images/train/peach_blossom\peach_blossom_0008.jpg,peach_blossom,1024,576,train
img_000582,dataset/images/train/peach_blossom\peach_blossom_0126.jpg,peach_blossom,682,1024,train
img_000583,dataset/images/train/peach_blossom\peach_blossom_0034.jpg,peach_blossom,1024,576,train
img_000584,dataset/images/train/peach_blossom\peach_blossom_0074.jpg,peach_blossom,1024,576,train
img_000585,dataset/images/train/peach_blossom\peach_blossom_0137.jpg,peach_blossom,1024,682,train
img_000586,dataset/images/train/peach_blossom\peach_blossom_0089.jpg,peach_blossom,1024,576,train
img_000587,dataset/images/train/peach_blossom\peach_blossom_0097.jpg,peach_blossom,1024,576,train
img_000588,dataset/images/train/peach_blossom\peach_blossom_0107.jpg,peach_blossom,682,1024,train
img_000589,dataset/images/train/peach_blossom\peach_blossom_0045.jpg,peach_blossom,1024,576,train
img_000590,dataset/images/train/peach_blossom\peach_blossom_0120.jpg,peach_blossom,682,1024,train
img_000591,dataset/images/train/peach_blossom\peach_blossom_0116.jpg,peach_blossom,682,1024,train
img_000592,dataset/images/train/peach_blossom\peach_blossom_0069.jpg,peach_blossom,1024,576,train
img_000593,dataset/images/train/peach_blossom\peach_blossom_0030.jpg,peach_blossom,1024,576,train
img_000594,dataset/images/train/peach_blossom\peach_blossom_0062.jpg,peach_blossom,1024,576,train
img_000595,dataset/images/train/peach_blossom\peach_blossom_0096.jpg,peach_blossom,1024,576,train
img_000596,dataset/images/train/peach_blossom\peach_blossom_0035.jpg,peach_blossom,1024,576,train
img_000597,dataset/images/train/peach_blossom\peach_blossom_0092.jpg,peach_blossom,1024,576,train
img_000598,dataset/images/train/peach_blossom\peach_blossom_0033.jpg,peach_blossom,1024,576,train
img_000599,dataset/images/train/peach_blossom\peach_blossom_0161.jpg,peach_blossom,1024,682,train
img_000600,dataset/images/train/peach_blossom\peach_blossom_0124.jpg,peach_blossom,682,1024,train
img_000601,dataset/images/train/peach_blossom\peach_blossom_0020.jpg,peach_blossom,1024,576,train
img_000602,dataset/images/train/peach_blossom\peach_blossom_0130.jpg,peach_blossom,682,1024,train
img_000603,dataset/images/train/peach_blossom\peach_blossom_0070.jpg,peach_blossom,1024,576,train
img_000604,dataset/images/train/peach_blossom\peach_blossom_0102.jpg,peach_blossom,682,1024,train
img_000605,dataset/images/train/peach_blossom\peach_blossom_0064.jpg,peach_blossom,1024,576,train
img_000606,dataset/images/train/peach_blossom\peach_blossom_0139.jpg,peach_blossom,1024,682,train
img_000607,dataset/images/train/peach_blossom\peach_blossom_0056.jpg,peach_blossom,1024,576,train
img_000608,dataset/images/train/peach_blossom\peach_blossom_0040.jpg,peach_blossom,1024,576,train
img_000609,dataset/images/train/peach_blossom\peach_blossom_0167.jpg,peach_blossom,1500,1000,train
img_000610,dataset/images/train/peach_blossom\peach_blossom_0113.jpg,peach_blossom,682,1024,train
img_000611,dataset/images/train/peach_blossom\peach_blossom_0067.jpg,peach_blossom,1024,576,train
img_000612,dataset/images/train/peach_blossom\peach_blossom_0134.jpg,peach_blossom,1024,682,train
img_000613,dataset/images/train/peach_blossom\peach_blossom_0095.jpg,peach_blossom,1024,576,train
img_000614,dataset/images/train/peach_blossom\peach_blossom_0017.jpg,peach_blossom,1024,576,train
img_000615,dataset/images/train/peach_blossom\peach_blossom_0119.jpg,peach_blossom,682,1024,train
img_000616,dataset/images/train/peach_blossom\peach_blossom_0015.jpg,peach_blossom,1024,576,train
img_000617,dataset/images/train/peach_blossom\peach_blossom_0108.jpg,peach_blossom,682,1024,train
img_000618,dataset/images/train/peach_blossom\peach_blossom_0071.jpg,peach_blossom,1024,576,train
img_000619,dataset/images/train/peach_blossom\peach_blossom_0006.jpg,peach_blossom,1024,576,train
img_000620,dataset/images/train/peach_blossom\peach_blossom_0059.jpg,peach_blossom,1024,576,train
img_000621,dataset/images/train/peach_blossom\peach_blossom_0066.jpg,peach_blossom,1024,576,train
img_000622,dataset/images/train/peach_blossom\peach_blossom_0146.jpg,peach_blossom,1024,682,train
img_000623,dataset/images/train/peach_blossom\peach_blossom_0022.jpg,peach_blossom,1024,576,train
img_000624,dataset/images/train/peach_blossom\peach_blossom_0028.jpg,peach_blossom,1024,576,train
img_000625,dataset/images/train/peach_blossom\peach_blossom_0141.jpg,peach_blossom,1024,682,train
img_000626,dataset/images/train/peach_blossom\peach_blossom_0013.jpg,peach_blossom,1024,576,train
img_000627,dataset/images/train/peach_blossom\peach_blossom_0144.jpg,peach_blossom,1024,682,train
img_000628,dataset/images/train/peach_blossom\peach_blossom_0098.jpg,peach_blossom,1024,576,train
img_000629,dataset/images/train/peach_blossom\peach_blossom_0150.jpg,peach_blossom,1024,682,train
img_000630,dataset/images/train/peach_blossom\peach_blossom_0090.jpg,peach_blossom,1024,576,train
img_000631,dataset/images/train/peach_blossom\peach_blossom_0163.jpg,peach_blossom,1024,682,train
img_000632,dataset/images/train/peach_blossom\peach_blossom_0128.jpg,peach_blossom,682,1024,train
img_000633,dataset/images/train/peach_blossom\peach_blossom_0125.jpg,peach_blossom,682,1024,train
img_000634,dataset/images/train/peach_blossom\peach_blossom_0051.jpg,peach_blossom,1024,576,train
img_000635,dataset/images/train/peach_blossom\peach_blossom_0063.jpg,peach_blossom,1024,576,train
img_000636,dataset/images/train/peach_blossom\peach_blossom_0158.jpg,peach_blossom,1024,682,train
img_000637,dataset/images/train/peach_blossom\peach_blossom_0091.jpg,peach_blossom,1024,576,train
img_000638,dataset/images/train/peach_blossom\peach_blossom_0093.jpg,peach_blossom,1024,576,train
img_000639,dataset/images/train/peach_blossom\peach_blossom_0024.jpg,peach_blossom,1024,576,train
img_000640,dataset/images/train/peach_blossom\peach_blossom_0148.jpg,peach_blossom,1024,682,train
img_000641,dataset/images/train/peach_blossom\peach_blossom_0081.jpg,peach_blossom,1024,576,train
img_000642,dataset/images/train/peach_blossom\peach_blossom_0151.jpg,peach_blossom,1024,682,train
img_000643,dataset/images/val/peach_blossom\peach_blossom_0154.jpg,peach_blossom,1024,682,val
img_000644,dataset/images/val/peach_blossom\peach_blossom_0058.jpg,peach_blossom,1024,576,val
img_000645,dataset/images/val/peach_blossom\peach_blossom_0009.jpg,peach_blossom,1024,576,val
img_000646,dataset/images/val/peach_blossom\peach_blossom_0100.jpg,peach_blossom,1200,675,val
img_000647,dataset/images/val/peach_blossom\peach_blossom_0110.jpg,peach_blossom,682,1024,val
img_000648,dataset/images/val/peach_blossom\peach_blossom_0079.jpg,peach_blossom,1024,576,val
img_000649,dataset/images/val/peach_blossom\peach_blossom_0140.jpg,peach_blossom,1024,682,val
img_000650,dataset/images/val/peach_blossom\peach_blossom_0031.jpg,peach_blossom,1024,576,val
img_000651,dataset/images/val/peach_blossom\peach_blossom_0005.jpg,peach_blossom,1024,576,val
img_000652,dataset/images/val/peach_blossom\peach_blossom_0003.jpg,peach_blossom,1024,576,val
img_000653,dataset/images/val/peach_blossom\peach_blossom_0018.jpg,peach_blossom,1024,576,val
img_000654,dataset/images/val/peach_blossom\peach_blossom_0050.jpg,peach_blossom,1024,576,val
img_000655,dataset/images/val/peach_blossom\peach_blossom_0057.jpg,peach_blossom,1024,576,val
img_000656,dataset/images/val/peach_blossom\peach_blossom_0165.jpg,peach_blossom,1024,682,val
img_000657,dataset/images/val/peach_blossom\peach_blossom_0060.jpg,peach_blossom,1024,576,val
img_000658,dataset/images/val/peach_blossom\peach_blossom_0023.jpg,peach_blossom,1024,576,val
img_000659,dataset/images/val/peach_blossom\peach_blossom_0087.jpg,peach_blossom,1024,576,val
img_000660,dataset/images/val/peach_blossom\peach_blossom_0133.jpg,peach_blossom,1024,682,val
img_000661,dataset/images/val/peach_blossom\peach_blossom_0072.jpg,peach_blossom,1024,576,val
img_000662,dataset/images/val/peach_blossom\peach_blossom_0021.jpg,peach_blossom,1024,576,val
img_000663,dataset/images/val/peach_blossom\peach_blossom_0043.jpg,peach_blossom,1024,576,val
img_000664,dataset/images/val/peach_blossom\peach_blossom_0123.jpg,peach_blossom,682,1024,val
img_000665,dataset/images/val/peach_blossom\peach_blossom_0132.jpg,peach_blossom,1024,682,val
img_000666,dataset/images/val/peach_blossom\peach_blossom_0054.jpg,peach_blossom,1024,576,val
img_000667,dataset/images/val/peach_blossom\peach_blossom_0160.jpg,peach_blossom,1024,682,val
img_000668,dataset/images/val/peach_blossom\peach_blossom_0115.jpg,peach_blossom,682,1024,val
img_000669,dataset/images/val/peach_blossom\peach_blossom_0121.jpg,peach_blossom,682,1024,val
img_000670,dataset/images/val/peach_blossom\peach_blossom_0083.jpg,peach_blossom,1024,576,val
img_000671,dataset/images/val/peach_blossom\peach_blossom_0112.jpg,peach_blossom,682,1024,val
img_000672,dataset/images/val/peach_blossom\peach_blossom_0053.jpg,peach_blossom,1024,576,val
img_000673,dataset/images/val/peach_blossom\peach_blossom_0073.jpg,peach_blossom,1024,576,val
img_000674,dataset/images/val/peach_blossom\peach_blossom_0153.jpg,peach_blossom,1024,682,val
img_000675,dataset/images/val/peach_blossom\peach_blossom_0000.jpg,peach_blossom,1024,576,val
img_000676,dataset/images/test/peach_blossom\peach_blossom_0142.jpg,peach_blossom,1024,682,test
img_000677,dataset/images/test/peach_blossom\peach_blossom_0162.jpg,peach_blossom,1024,682,test
img_000678,dataset/images/test/peach_blossom\peach_blossom_0078.jpg,peach_blossom,1024,576,test
img_000679,dataset/images/test/peach_blossom\peach_blossom_0147.jpg,peach_blossom,1024,682,test
img_000680,dataset/images/test/peach_blossom\peach_blossom_0044.jpg,peach_blossom,1024,576,test
img_000681,dataset/images/test/peach_blossom\peach_blossom_0099.jpg,peach_blossom,1024,576,test
img_000682,dataset/images/test/peach_blossom\peach_blossom_0109.jpg,peach_blossom,682,1024,test
img_000683,dataset/images/test/peach_blossom\peach_blossom_0049.jpg,peach_blossom,1024,576,test
img_000684,dataset/images/test/peach_blossom\peach_blossom_0032.jpg,peach_blossom,1024,576,test
img_000685,dataset/images/test/peach_blossom\peach_blossom_0143.jpg,peach_blossom,1024,682,test
img_000686,dataset/images/test/peach_blossom\peach_blossom_0075.jpg,peach_blossom,1024,576,test
img_000687,dataset/images/test/peach_blossom\peach_blossom_0105.jpg,peach_blossom,682,1024,test
img_000688,dataset/images/test/peach_blossom\peach_blossom_0084.jpg,peach_blossom,1024,576,test
img_000689,dataset/images/test/peach_blossom\peach_blossom_0106.jpg,peach_blossom,682,1024,test
img_000690,dataset/images/test/peach_blossom\peach_blossom_0080.jpg,peach_blossom,1024,576,test
img_000691,dataset/images/test/peach_blossom\peach_blossom_0131.jpg,peach_blossom,682,1024,test
img_000692,dataset/images/test/peach_blossom\peach_blossom_0076.jpg,peach_blossom,1024,576,test
img_000693,dataset/images/train/sunflower\sunflower_0071.jpg,sunflower,500,333,train
img_000694,dataset/images/train/sunflower\sunflower_0070.jpg,sunflower,500,334,train
img_000695,dataset/images/train/sunflower\sunflower_0133.jpg,sunflower,500,327,train
img_000696,dataset/images/train/sunflower\sunflower_0128.jpg,sunflower,500,333,train
img_000697,dataset/images/train/sunflower\sunflower_0131.jpg,sunflower,500,333,train
img_000698,dataset/images/train/sunflower\sunflower_0001.jpg,sunflower,500,332,train
img_000699,dataset/images/train/sunflower\sunflower_0037.jpg,sunflower,500,333,train
img_000700,dataset/images/train/sunflower\sunflower_0087.jpg,sunflower,500,338,train
img_000701,dataset/images/train/sunflower\sunflower_0063.jpg,sunflower,500,333,train
img_000702,dataset/images/train/sunflower\sunflower_0090.jpg,sunflower,500,332,train
img_000703,dataset/images/train/sunflower\sunflower_0067.jpg,sunflower,500,333,train
img_000704,dataset/images/train/sunflower\sunflower_0124.jpg,sunflower,500,333,train
img_000705,dataset/images/train/sunflower\sunflower_0022.jpg,sunflower,500,331,train
img_000706,dataset/images/train/sunflower\sunflower_0091.jpg,sunflower,500,332,train
img_000707,dataset/images/train/sunflower\sunflower_0075.jpg,sunflower,500,333,train
img_000708,dataset/images/train/sunflower\sunflower_0115.jpg,sunflower,500,333,train
img_000709,dataset/images/train/sunflower\sunflower_0051.jpg,sunflower,500,333,train
img_000710,dataset/images/train/sunflower\sunflower_0056.jpg,sunflower,500,333,train
img_000711,dataset/images/train/sunflower\sunflower_0057.jpg,sunflower,500,333,train
img_000712,dataset/images/train/sunflower\sunflower_0054.jpg,sunflower,500,333,train
img_000713,dataset/images/train/sunflower\sunflower_0120.jpg,sunflower,500,332,train
img_000714,dataset/images/train/sunflower\sunflower_0129.jpg,sunflower,500,333,train
img_000715,dataset/images/train/sunflower\sunflower_0055.jpg,sunflower,500,333,train
img_000716,dataset/images/train/sunflower\sunflower_0093.jpg,sunflower,500,332,train
img_000717,dataset/images/train/sunflower\sunflower_0018.jpg,sunflower,500,331,train
img_000718,dataset/images/train/sunflower\sunflower_0036.jpg,sunflower,500,320,train
img_000719,dataset/images/train/sunflower\sunflower_0024.jpg,sunflower,500,331,train
img_000720,dataset/images/train/sunflower\sunflower_0007.jpg,sunflower,500,333,train
img_000721,dataset/images/train/sunflower\sunflower_0094.jpg,sunflower,500,332,train
img_000722,dataset/images/train/sunflower\sunflower_0105.jpg,sunflower,500,331,train
img_000723,dataset/images/train/sunflower\sunflower_0103.jpg,sunflower,500,332,train
img_000724,dataset/images/train/sunflower\sunflower_0064.jpg,sunflower,500,333,train
img_000725,dataset/images/train/sunflower\sunflower_0065.jpg,sunflower,500,333,train
img_000726,dataset/images/train/sunflower\sunflower_0078.jpg,sunflower,500,337,train
img_000727,dataset/images/train/sunflower\sunflower_0101.jpg,sunflower,500,333,train
img_000728,dataset/images/train/sunflower\sunflower_0122.jpg,sunflower,500,332,train
img_000729,dataset/images/train/sunflower\sunflower_0130.jpg,sunflower,500,332,train
img_000730,dataset/images/train/sunflower\sunflower_0092.jpg,sunflower,500,332,train
img_000731,dataset/images/train/sunflower\sunflower_0062.jpg,sunflower,500,333,train
img_000732,dataset/images/train/sunflower\sunflower_0073.jpg,sunflower,500,331,train
img_000733,dataset/images/train/sunflower\sunflower_0017.jpg,sunflower,500,331,train
img_000734,dataset/images/train/sunflower\sunflower_0033.jpg,sunflower,500,332,train
img_000735,dataset/images/train/sunflower\sunflower_0011.jpg,sunflower,500,331,train
img_000736,dataset/images/train/sunflower\sunflower_0049.jpg,sunflower,500,333,train
img_000737,dataset/images/train/sunflower\sunflower_0108.jpg,sunflower,500,331,train
img_000738,dataset/images/train/sunflower\sunflower_0045.jpg,sunflower,500,333,train
img_000739,dataset/images/train/sunflower\sunflower_0029.jpg,sunflower,500,334,train
img_000740,dataset/images/train/sunflower\sunflower_0040.jpg,sunflower,500,333,train
img_000741,dataset/images/train/sunflower\sunflower_0089.jpg,sunflower,500,332,train
img_000742,dataset/images/train/sunflower\sunflower_0061.jpg,sunflower,500,333,train
img_000743,dataset/images/train/sunflower\sunflower_0107.jpg,sunflower,500,331,train
img_000744,dataset/images/train/sunflower\sunflower_0068.jpg,sunflower,500,334,train
img_000745,dataset/images/train/sunflower\sunflower_0052.jpg,sunflower,500,333,train
img_000746,dataset/images/train/sunflower\sunflower_0026.jpg,sunflower,500,331,train
img_000747,dataset/images/train/sunflower\sunflower_0000.jpg,sunflower,500,335,train
img_000748,dataset/images/train/sunflower\sunflower_0082.jpg,sunflower,500,332,train
img_000749,dataset/images/train/sunflower\sunflower_0123.jpg,sunflower,500,332,train
img_000750,dataset/images/train/sunflower\sunflower_0084.jpg,sunflower,500,332,train
img_000751,dataset/images/train/sunflower\sunflower_0004.jpg,sunflower,500,333,train
img_000752,dataset/images/train/sunflower\sunflower_0023.jpg,sunflower,500,331,train
img_000753,dataset/images/train/sunflower\sunflower_0042.jpg,sunflower,500,333,train
img_000754,dataset/images/train/sunflower\sunflower_0086.jpg,sunflower,500,333,train
img_000755,dataset/images/train/sunflower\sunflower_0132.jpg,sunflower,500,333,train
img_000756,dataset/images/train/sunflower\sunflower_0113.jpg,sunflower,500,333,train
img_000757,dataset/images/train/sunflower\sunflower_0100.jpg,sunflower,500,331,train
img_000758,dataset/images/train/sunflower\sunflower_0015.jpg,sunflower,500,323,train
img_000759,dataset/images/train/sunflower\sunflower_0038.jpg,sunflower,500,333,train
img_000760,dataset/images/train/sunflower\sunflower_0076.jpg,sunflower,500,333,train
img_000761,dataset/images/train/sunflower\sunflower_0121.jpg,sunflower,500,332,train
img_000762,dataset/images/train/sunflower\sunflower_0009.jpg,sunflower,500,333,train
img_000763,dataset/images/train/sunflower\sunflower_0102.jpg,sunflower,500,332,train
img_000764,dataset/images/train/sunflower\sunflower_0050.jpg,sunflower,500,333,train
img_000765,dataset/images/train/sunflower\sunflower_0119.jpg,sunflower,500,332,train
img_000766,dataset/images/train/sunflower\sunflower_0080.jpg,sunflower,500,332,train
img_000767,dataset/images/train/sunflower\sunflower_0098.jpg,sunflower,500,333,train
img_000768,dataset/images/train/sunflower\sunflower_0074.jpg,sunflower,500,331,train
img_000769,dataset/images/train/sunflower\sunflower_0013.jpg,sunflower,500,331,train
img_000770,dataset/images/train/sunflower\sunflower_0039.jpg,sunflower,500,333,train
img_000771,dataset/images/train/sunflower\sunflower_0020.jpg,sunflower,500,333,train
img_000772,dataset/images/train/sunflower\sunflower_0088.jpg,sunflower,500,332,train
img_000773,dataset/images/train/sunflower\sunflower_0081.jpg,sunflower,500,332,train
img_000774,dataset/images/train/sunflower\sunflower_0077.jpg,sunflower,500,333,train
img_000775,dataset/images/train/sunflower\sunflower_0134.jpg,sunflower,500,332,train
img_000776,dataset/images/train/sunflower\sunflower_0047.jpg,sunflower,500,333,train
img_000777,dataset/images/train/sunflower\sunflower_0114.jpg,sunflower,500,333,train
img_000778,dataset/images/train/sunflower\sunflower_0059.jpg,sunflower,500,333,train
img_000779,dataset/images/train/sunflower\sunflower_0125.jpg,sunflower,500,336,train
img_000780,dataset/images/train/sunflower\sunflower_0072.jpg,sunflower,500,334,train
img_000781,dataset/images/train/sunflower\sunflower_0014.jpg,sunflower,500,331,train
img_000782,dataset/images/train/sunflower\sunflower_0085.jpg,sunflower,500,333,train
img_000783,dataset/images/train/sunflower\sunflower_0111.jpg,sunflower,500,333,train
img_000784,dataset/images/train/sunflower\sunflower_0016.jpg,sunflower,500,331,train
img_000785,dataset/images/train/sunflower\sunflower_0030.jpg,sunflower,500,333,train
img_000786,dataset/images/train/sunflower\sunflower_0019.jpg,sunflower,500,334,train
img_000787,dataset/images/val/sunflower\sunflower_0079.jpg,sunflower,500,332,val
img_000788,dataset/images/val/sunflower\sunflower_0110.jpg,sunflower,500,332,val
img_000789,dataset/images/val/sunflower\sunflower_0025.jpg,sunflower,500,331,val
img_000790,dataset/images/val/sunflower\sunflower_0031.jpg,sunflower,500,334,val
img_000791,dataset/images/val/sunflower\sunflower_0003.jpg,sunflower,500,325,val
img_000792,dataset/images/val/sunflower\sunflower_0117.jpg,sunflower,500,333,val
img_000793,dataset/images/val/sunflower\sunflower_0005.jpg,sunflower,500,333,val
img_000794,dataset/images/val/sunflower\sunflower_0104.jpg,sunflower,500,341,val
img_000795,dataset/images/val/sunflower\sunflower_0099.jpg,sunflower,500,333,val
img_000796,dataset/images/val/sunflower\sunflower_0008.jpg,sunflower,500,332,val
img_000797,dataset/images/val/sunflower\sunflower_0083.jpg,sunflower,500,332,val
img_000798,dataset/images/val/sunflower\sunflower_0028.jpg,sunflower,500,334,val
img_000799,dataset/images/val/sunflower\sunflower_0044.jpg,sunflower,500,333,val
img_000800,dataset/images/val/sunflower\sunflower_0006.jpg,sunflower,500,331,val
img_000801,dataset/images/val/sunflower\sunflower_0069.jpg,sunflower,500,334,val
img_000802,dataset/images/val/sunflower\sunflower_0095.jpg,sunflower,500,333,val
img_000803,dataset/images/val/sunflower\sunflower_0002.jpg,sunflower,500,332,val
img_000804,dataset/images/val/sunflower\sunflower_0060.jpg,sunflower,500,333,val
img_000805,dataset/images/val/sunflower\sunflower_0010.jpg,sunflower,500,333,val
img_000806,dataset/images/val/sunflower\sunflower_0116.jpg,sunflower,500,333,val
img_000807,dataset/images/val/sunflower\sunflower_0032.jpg,sunflower,500,332,val
img_000808,dataset/images/val/sunflower\sunflower_0053.jpg,sunflower,500,333,val
img_000809,dataset/images/val/sunflower\sunflower_0106.jpg,sunflower,500,331,val
img_000810,dataset/images/val/sunflower\sunflower_0096.jpg,sunflower,500,333,val
img_000811,dataset/images/val/sunflower\sunflower_0035.jpg,sunflower,500,333,val
img_000812,dataset/images/val/sunflower\sunflower_0048.jpg,sunflower,500,333,val
img_000813,dataset/images/val/sunflower\sunflower_0112.jpg,sunflower,500,343,val
img_000814,dataset/images/test/sunflower\sunflower_0127.jpg,sunflower,500,333,test
img_000815,dataset/images/test/sunflower\sunflower_0043.jpg,sunflower,500,333,test
img_000816,dataset/images/test/sunflower\sunflower_0126.jpg,sunflower,500,333,test
img_000817,dataset/images/test/sunflower\sunflower_0058.jpg,sunflower,500,334,test
img_000818,dataset/images/test/sunflower\sunflower_0027.jpg,sunflower,500,333,test
img_000819,dataset/images/test/sunflower\sunflower_0041.jpg,sunflower,500,333,test
img_000820,dataset/images/test/sunflower\sunflower_0097.jpg,sunflower,500,333,test
img_000821,dataset/images/test/sunflower\sunflower_0066.jpg,sunflower,500,334,test
img_000822,dataset/images/test/sunflower\sunflower_0012.jpg,sunflower,500,331,test
img_000823,dataset/images/test/sunflower\sunflower_0046.jpg,sunflower,500,333,test
img_000824,dataset/images/test/sunflower\sunflower_0118.jpg,sunflower,500,331,test
img_000825,dataset/images/test/sunflower\sunflower_0034.jpg,sunflower,500,332,test
img_000826,dataset/images/test/sunflower\sunflower_0109.jpg,sunflower,500,332,test
img_000827,dataset/images/test/sunflower\sunflower_0021.jpg,sunflower,500,331,test
img_000828,dataset/images/train/tulip\tulip_0139.jpg,tulip,500,333,train
img_000829,dataset/images/train/tulip\tulip_0172.jpg,tulip,500,332,train
img_000830,dataset/images/train/tulip\tulip_0102.jpg,tulip,500,334,train
img_000831,dataset/images/train/tulip\tulip_0025.jpg,tulip,500,333,train
img_000832,dataset/images/train/tulip\tulip_0210.jpg,tulip,500,333,train
img_000833,dataset/images/train/tulip\tulip_0205.jpg,tulip,500,333,train
img_000834,dataset/images/train/tulip\tulip_0179.jpg,tulip,500,333,train
img_000835,dataset/images/train/tulip\tulip_0044.jpg,tulip,500,333,train
img_000836,dataset/images/train/tulip\tulip_0202.jpg,tulip,500,333,train
img_000837,dataset/images/train/tulip\tulip_0069.jpg,tulip,500,333,train
img_000838,dataset/images/train/tulip\tulip_0164.jpg,tulip,500,334,train
img_000839,dataset/images/train/tulip\tulip_0067.jpg,tulip,500,333,train
img_000840,dataset/images/train/tulip\tulip_0215.jpg,tulip,500,331,train
img_000841,dataset/images/train/tulip\tulip_0201.jpg,tulip,500,333,train
img_000842,dataset/images/train/tulip\tulip_0094.jpg,tulip,500,333,train
img_000843,dataset/images/train/tulip\tulip_0197.jpg,tulip,500,333,train
img_000844,dataset/images/train/tulip\tulip_0143.jpg,tulip,500,333,train
img_000845,dataset/images/train/tulip\tulip_0041.jpg,tulip,500,332,train
img_000846,dataset/images/train/tulip\tulip_0125.jpg,tulip,500,333,train
img_000847,dataset/images/train/tulip\tulip_0168.jpg,tulip,500,333,train
img_000848,dataset/images/train/tulip\tulip_0052.jpg,tulip,500,343,train
img_000849,dataset/images/train/tulip\tulip_0043.jpg,tulip,500,333,train
img_000850,dataset/images/train/tulip\tulip_0009.jpg,tulip,500,334,train
img_000851,dataset/images/train/tulip\tulip_0110.jpg,tulip,500,333,train
img_000852,dataset/images/train/tulip\tulip_0100.jpg,tulip,500,333,train
img_000853,dataset/images/train/tulip\tulip_0108.jpg,tulip,500,334,train
img_000854,dataset/images/train/tulip\tulip_0114.jpg,tulip,500,335,train
img_000855,dataset/images/train/tulip\tulip_0165.jpg,tulip,500,342,train
img_000856,dataset/images/train/tulip\tulip_0022.jpg,tulip,500,333,train
img_000857,dataset/images/train/tulip\tulip_0047.jpg,tulip,500,333,train
img_000858,dataset/images/train/tulip\tulip_0036.jpg,tulip,500,333,train
img_000859,dataset/images/train/tulip\tulip_0002.jpg,tulip,500,335,train
img_000860,dataset/images/train/tulip\tulip_0140.jpg,tulip,500,333,train
img_000861,dataset/images/train/tulip\tulip_0089.jpg,tulip,500,333,train
img_000862,dataset/images/train/tulip\tulip_0193.jpg,tulip,500,333,train
img_000863,dataset/images/train/tulip\tulip_0003.jpg,tulip,500,333,train
img_000864,dataset/images/train/tulip\tulip_0006.jpg,tulip,500,332,train
img_000865,dataset/images/train/tulip\tulip_0203.jpg,tulip,500,333,train
img_000866,dataset/images/train/tulip\tulip_0191.jpg,tulip,500,331,train
img_000867,dataset/images/train/tulip\tulip_0035.jpg,tulip,500,333,train
img_000868,dataset/images/train/tulip\tulip_0154.jpg,tulip,500,332,train
img_000869,dataset/images/train/tulip\tulip_0187.jpg,tulip,500,333,train
img_000870,dataset/images/train/tulip\tulip_0115.jpg,tulip,500,333,train
img_000871,dataset/images/train/tulip\tulip_0121.jpg,tulip,500,372,train
img_000872,dataset/images/train/tulip\tulip_0045.jpg,tulip,500,333,train
img_000873,dataset/images/train/tulip\tulip_0070.jpg,tulip,500,333,train
img_000874,dataset/images/train/tulip\tulip_0104.jpg,tulip,500,334,train
img_000875,dataset/images/train/tulip\tulip_0064.jpg,tulip,500,333,train
img_000876,dataset/images/train/tulip\tulip_0137.jpg,tulip,500,332,train
img_000877,dataset/images/train/tulip\tulip_0212.jpg,tulip,500,333,train
img_000878,dataset/images/train/tulip\tulip_0198.jpg,tulip,500,333,train
img_000879,dataset/images/train/tulip\tulip_0119.jpg,tulip,500,375,train
img_000880,dataset/images/train/tulip\tulip_0200.jpg,tulip,500,331,train
img_000881,dataset/images/train/tulip\tulip_0051.jpg,tulip,500,327,train
img_000882,dataset/images/train/tulip\tulip_0134.jpg,tulip,500,333,train
img_000883,dataset/images/train/tulip\tulip_0156.jpg,tulip,500,333,train
img_000884,dataset/images/train/tulip\tulip_0155.jpg,tulip,500,333,train
img_000885,dataset/images/train/tulip\tulip_0218.jpg,tulip,500,333,train
img_000886,dataset/images/train/tulip\tulip_0106.jpg,tulip,500,332,train
img_000887,dataset/images/train/tulip\tulip_0018.jpg,tulip,500,333,train
img_000888,dataset/images/train/tulip\tulip_0091.jpg,tulip,500,333,train
img_000889,dataset/images/train/tulip\tulip_0206.jpg,tulip,500,333,train
img_000890,dataset/images/train/tulip\tulip_0042.jpg,tulip,500,333,train
img_000891,dataset/images/train/tulip\tulip_0117.jpg,tulip,500,335,train
img_000892,dataset/images/train/tulip\tulip_0015.jpg,tulip,500,333,train
img_000893,dataset/images/train/tulip\tulip_0116.jpg,tulip,500,332,train
img_000894,dataset/images/train/tulip\tulip_0169.jpg,tulip,500,333,train
img_000895,dataset/images/train/tulip\tulip_0098.jpg,tulip,500,333,train
img_000896,dataset/images/train/tulip\tulip_0136.jpg,tulip,500,334,train
img_000897,dataset/images/train/tulip\tulip_0090.jpg,tulip,500,334,train
img_000898,dataset/images/train/tulip\tulip_0166.jpg,tulip,500,333,train
img_000899,dataset/images/train/tulip\tulip_0123.jpg,tulip,500,333,train
img_000900,dataset/images/train/tulip\tulip_0037.jpg,tulip,500,333,train
img_000901,dataset/images/train/tulip\tulip_0141.jpg,tulip,500,332,train
img_000902,dataset/images/train/tulip\tulip_0211.jpg,tulip,500,333,train
img_000903,dataset/images/train/tulip\tulip_0038.jpg,tulip,500,333,train
img_000904,dataset/images/train/tulip\tulip_0061.jpg,tulip,500,333,train
img_000905,dataset/images/train/tulip\tulip_0120.jpg,tulip,500,336,train
img_000906,dataset/images/train/tulip\tulip_0149.jpg,tulip,500,332,train
img_000907,dataset/images/train/tulip\tulip_0053.jpg,tulip,500,333,train
img_000908,dataset/images/train/tulip\tulip_0001.jpg,tulip,500,335,train
img_000909,dataset/images/train/tulip\tulip_0095.jpg,tulip,500,333,train
img_000910,dataset/images/train/tulip\tulip_0010.jpg,tulip,500,333,train
img_000911,dataset/images/train/tulip\tulip_0159.jpg,tulip,500,333,train
img_000912,dataset/images/train/tulip\tulip_0023.jpg,tulip,500,333,train
img_000913,dataset/images/train/tulip\tulip_0183.jpg,tulip,500,333,train
img_000914,dataset/images/train/tulip\tulip_0021.jpg,tulip,500,333,train
img_000915,dataset/images/train/tulip\tulip_0127.jpg,tulip,500,333,train
img_000916,dataset/images/train/tulip\tulip_0194.jpg,tulip,500,322,train
img_000917,dataset/images/train/tulip\tulip_0034.jpg,tulip,500,333,train
img_000918,dataset/images/train/tulip\tulip_0028.jpg,tulip,500,333,train
img_000919,dataset/images/train/tulip\tulip_0138.jpg,tulip,500,333,train
img_000920,dataset/images/train/tulip\tulip_0220.jpg,tulip,500,331,train
img_000921,dataset/images/train/tulip\tulip_0013.jpg,tulip,500,332,train
img_000922,dataset/images/train/tulip\tulip_0217.jpg,tulip,500,333,train
img_000923,dataset/images/train/tulip\tulip_0008.jpg,tulip,500,333,train
img_000924,dataset/images/train/tulip\tulip_0196.jpg,tulip,500,332,train
img_000925,dataset/images/train/tulip\tulip_0129.jpg,tulip,500,333,train
img_000926,dataset/images/train/tulip\tulip_0040.jpg,tulip,500,333,train
img_000927,dataset/images/train/tulip\tulip_0055.jpg,tulip,500,333,train
img_000928,dataset/images/train/tulip\tulip_0167.jpg,tulip,500,333,train
img_000929,dataset/images/train/tulip\tulip_0128.jpg,tulip,500,333,train
img_000930,dataset/images/train/tulip\tulip_0208.jpg,tulip,500,333,train
img_000931,dataset/images/train/tulip\tulip_0058.jpg,tulip,500,333,train
img_000932,dataset/images/train/tulip\tulip_0049.jpg,tulip,500,333,train
img_000933,dataset/images/train/tulip\tulip_0068.jpg,tulip,500,335,train
img_000934,dataset/images/train/tulip\tulip_0109.jpg,tulip,500,333,train
img_000935,dataset/images/train/tulip\tulip_0029.jpg,tulip,500,333,train
img_000936,dataset/images/train/tulip\tulip_0087.jpg,tulip,500,333,train
img_000937,dataset/images/train/tulip\tulip_0111.jpg,tulip,500,332,train
img_000938,dataset/images/train/tulip\tulip_0079.jpg,tulip,500,333,train
img_000939,dataset/images/train/tulip\tulip_0163.jpg,tulip,500,331,train
img_000940,dataset/images/train/tulip\tulip_0054.jpg,tulip,500,333,train
img_000941,dataset/images/train/tulip\tulip_0107.jpg,tulip,500,332,train
img_000942,dataset/images/train/tulip\tulip_0074.jpg,tulip,500,333,train
img_000943,dataset/images/train/tulip\tulip_0016.jpg,tulip,500,333,train
img_000944,dataset/images/train/tulip\tulip_0032.jpg,tulip,500,333,train
img_000945,dataset/images/train/tulip\tulip_0011.jpg,tulip,500,333,train
img_000946,dataset/images/train/tulip\tulip_0039.jpg,tulip,500,333,train
img_000947,dataset/images/train/tulip\tulip_0214.jpg,tulip,500,333,train
img_000948,dataset/images/train/tulip\tulip_0219.jpg,tulip,500,331,train
img_000949,dataset/images/train/tulip\tulip_0142.jpg,tulip,500,332,train
img_000950,dataset/images/train/tulip\tulip_0020.jpg,tulip,500,334,train
img_000951,dataset/images/train/tulip\tulip_0007.jpg,tulip,500,333,train
img_000952,dataset/images/train/tulip\tulip_0161.jpg,tulip,500,321,train
img_000953,dataset/images/train/tulip\tulip_0184.jpg,tulip,500,333,train
img_000954,dataset/images/train/tulip\tulip_0076.jpg,tulip,500,331,train
img_000955,dataset/images/train/tulip\tulip_0019.jpg,tulip,500,333,train
img_000956,dataset/images/train/tulip\tulip_0153.jpg,tulip,500,333,train
img_000957,dataset/images/train/tulip\tulip_0112.jpg,tulip,500,333,train
img_000958,dataset/images/train/tulip\tulip_0017.jpg,tulip,500,333,train
img_000959,dataset/images/train/tulip\tulip_0030.jpg,tulip,500,333,train
img_000960,dataset/images/train/tulip\tulip_0148.jpg,tulip,500,332,train
img_000961,dataset/images/train/tulip\tulip_0188.jpg,tulip,500,333,train
img_000962,dataset/images/train/tulip\tulip_0157.jpg,tulip,500,333,train
img_000963,dataset/images/train/tulip\tulip_0181.jpg,tulip,500,327,train
img_000964,dataset/images/train/tulip\tulip_0096.jpg,tulip,500,333,train
img_000965,dataset/images/train/tulip\tulip_0122.jpg,tulip,500,333,train
img_000966,dataset/images/train/tulip\tulip_0132.jpg,tulip,500,333,train
img_000967,dataset/images/train/tulip\tulip_0130.jpg,tulip,500,325,train
img_000968,dataset/images/train/tulip\tulip_0170.jpg,tulip,500,332,train
img_000969,dataset/images/train/tulip\tulip_0171.jpg,tulip,500,333,train
img_000970,dataset/images/train/tulip\tulip_0027.jpg,tulip,500,333,train
img_000971,dataset/images/train/tulip\tulip_0213.jpg,tulip,500,333,train
img_000972,dataset/images/train/tulip\tulip_0173.jpg,tulip,500,324,train
img_000973,dataset/images/train/tulip\tulip_0077.jpg,tulip,500,333,train
img_000974,dataset/images/val/tulip\tulip_0199.jpg,tulip,500,333,val
img_000975,dataset/images/val/tulip\tulip_0014.jpg,tulip,500,333,val
img_000976,dataset/images/val/tulip\tulip_0012.jpg,tulip,500,332,val
img_000977,dataset/images/val/tulip\tulip_0174.jpg,tulip,500,333,val
img_000978,dataset/images/val/tulip\tulip_0033.jpg,tulip,500,333,val
img_000979,dataset/images/val/tulip\tulip_0146.jpg,tulip,500,332,val
img_000980,dataset/images/val/tulip\tulip_0004.jpg,tulip,500,335,val
img_000981,dataset/images/val/tulip\tulip_0085.jpg,tulip,500,334,val
img_000982,dataset/images/val/tulip\tulip_0046.jpg,tulip,500,333,val
img_000983,dataset/images/val/tulip\tulip_0101.jpg,tulip,500,333,val
img_000984,dataset/images/val/tulip\tulip_0059.jpg,tulip,500,333,val
img_000985,dataset/images/val/tulip\tulip_0209.jpg,tulip,500,333,val
img_000986,dataset/images/val/tulip\tulip_0180.jpg,tulip,500,333,val
img_000987,dataset/images/val/tulip\tulip_0026.jpg,tulip,500,333,val
img_000988,dataset/images/val/tulip\tulip_0075.jpg,tulip,500,332,val
img_000989,dataset/images/val/tulip\tulip_0162.jpg,tulip,500,321,val
img_000990,dataset/images/val/tulip\tulip_0144.jpg,tulip,500,333,val
img_000991,dataset/images/val/tulip\tulip_0160.jpg,tulip,500,333,val
img_000992,dataset/images/val/tulip\tulip_0073.jpg,tulip,500,331,val
img_000993,dataset/images/val/tulip\tulip_0133.jpg,tulip,500,333,val
img_000994,dataset/images/val/tulip\tulip_0056.jpg,tulip,500,333,val
img_000995,dataset/images/val/tulip\tulip_0185.jpg,tulip,500,333,val
img_000996,dataset/images/val/tulip\tulip_0048.jpg,tulip,500,333,val
img_000997,dataset/images/val/tulip\tulip_0147.jpg,tulip,500,332,val
img_000998,dataset/images/val/tulip\tulip_0186.jpg,tulip,500,333,val
img_000999,dataset/images/val/tulip\tulip_0088.jpg,tulip,500,333,val
img_001000,dataset/images/val/tulip\tulip_0050.jpg,tulip,500,333,val
img_001001,dataset/images/val/tulip\tulip_0031.jpg,tulip,500,333,val
img_001002,dataset/images/val/tulip\tulip_0060.jpg,tulip,500,333,val
img_001003,dataset/images/val/tulip\tulip_0065.jpg,tulip,500,333,val
img_001004,dataset/images/val/tulip\tulip_0204.jpg,tulip,500,332,val
img_001005,dataset/images/val/tulip\tulip_0072.jpg,tulip,500,333,val
img_001006,dataset/images/val/tulip\tulip_0126.jpg,tulip,500,333,val
img_001007,dataset/images/val/tulip\tulip_0192.jpg,tulip,500,331,val
img_001008,dataset/images/val/tulip\tulip_0099.jpg,tulip,500,333,val
img_001009,dataset/images/val/tulip\tulip_0092.jpg,tulip,500,333,val
img_001010,dataset/images/val/tulip\tulip_0150.jpg,tulip,500,332,val
img_001011,dataset/images/val/tulip\tulip_0118.jpg,tulip,500,375,val
img_001012,dataset/images/val/tulip\tulip_0097.jpg,tulip,500,333,val
img_001013,dataset/images/val/tulip\tulip_0145.jpg,tulip,500,333,val
img_001014,dataset/images/val/tulip\tulip_0151.jpg,tulip,500,332,val
img_001015,dataset/images/test/tulip\tulip_0216.jpg,tulip,500,333,test
img_001016,dataset/images/test/tulip\tulip_0103.jpg,tulip,500,333,test
img_001017,dataset/images/test/tulip\tulip_0158.jpg,tulip,500,332,test
img_001018,dataset/images/test/tulip\tulip_0182.jpg,tulip,500,333,test
img_001019,dataset/images/test/tulip\tulip_0086.jpg,tulip,500,333,test
img_001020,dataset/images/test/tulip\tulip_0063.jpg,tulip,500,333,test
img_001021,dataset/images/test/tulip\tulip_0190.jpg,tulip,500,331,test
img_001022,dataset/images/test/tulip\tulip_0113.jpg,tulip,500,333,test
img_001023,dataset/images/test/tulip\tulip_0057.jpg,tulip,500,333,test
img_001024,dataset/images/test/tulip\tulip_0078.jpg,tulip,500,333,test
img_001025,dataset/images/test/tulip\tulip_0024.jpg,tulip,500,333,test
img_001026,dataset/images/test/tulip\tulip_0005.jpg,tulip,500,333,test
img_001027,dataset/images/test/tulip\tulip_0124.jpg,tulip,500,333,test
img_001028,dataset/images/test/tulip\tulip_0221.jpg,tulip,500,335,test
img_001029,dataset/images/test/tulip\tulip_0195.jpg,tulip,500,332,test
img_001030,dataset/images/test/tulip\tulip_0175.jpg,tulip,500,331,test
img_001031,dataset/images/test/tulip\tulip_0131.jpg,tulip,500,335,test
img_001032,dataset/images/test/tulip\tulip_0189.jpg,tulip,500,331,test
img_001033,dataset/images/test/tulip\tulip_0062.jpg,tulip,500,333,test
img_001034,dataset/images/test/tulip\tulip_0207.jpg,tulip,500,333,test
img_001035,dataset/images/test/tulip\tulip_0152.jpg,tulip,500,332,test
img_001036,dataset/images/test/tulip\tulip_0135.jpg,tulip,500,332,test
